song_id,valence_mean,valence_std,arousal_mean,arousal_std,test,validation,Q1,Q2,Q3,Q4
2,3.1,0.94,3.0,0.63,0,0,0,0,1,0
3,3.5,1.75,3.3,1.62,0,0,0,0,1,0
4,5.7,1.42,5.5,1.63,0,0,1,0,0,0
5,4.4,2.01,5.3,1.85,0,0,0,1,0,0
7,5.8,1.47,6.4,1.69,0,0,1,0,0,0
8,3.2,1.4,4.8,1.54,1,0,0,0,1,0
10,4.0,1.67,4.7,1.85,1,0,0,0,1,0
12,5.5,1.91,5.8,1.89,1,0,1,0,0,0
13,3.2,1.4,4.0,1.67,0,0,0,0,1,0
17,4.4,1.8,6.0,2.05,1,0,0,1,0,0
18,4.8,1.72,3.9,1.37,0,0,0,0,1,0
19,5.9,1.64,4.3,1.9,0,0,0,0,0,1
20,5.4,2.5,6.5,2.11,1,0,1,0,0,0
21,6.6,0.92,6.3,1.42,0,0,1,0,0,0
22,4.0,1.34,4.8,1.47,0,0,0,0,1,0
24,5.3,1.62,3.9,1.76,0,0,0,0,0,1
25,7.9,0.7,4.7,2.53,0,0,0,0,0,1
31,4.7,1.55,3.8,1.54,0,0,0,0,1,0
32,4.2,1.78,3.3,1.49,0,0,0,0,1,0
35,4.8,2.14,6.5,2.11,0,0,0,1,0,0
37,6.6,2.11,5.3,2.0,0,0,1,0,0,0
39,7.3,1.85,5.4,2.37,0,0,1,0,0,0
40,4.6,1.28,4.8,1.54,0,0,0,0,1,0
41,4.3,1.62,5.1,1.3,0,0,0,1,0,0
42,6.1,1.58,5.1,1.92,1,0,1,0,0,0
43,6.7,2.33,3.5,1.5,0,0,0,0,0,1
44,3.9,1.04,4.9,1.58,0,0,0,1,0,0
45,5.1,2.43,2.1,1.37,0,0,0,0,0,1
46,5.3,1.95,4.0,1.73,0,0,0,0,0,1
47,4.4,1.74,4.4,1.56,0,0,0,0,1,0
48,4.5,1.86,4.8,1.78,0,0,0,0,1,0
49,3.9,1.3,5.3,1.19,0,0,0,1,0,0
50,3.6,1.02,4.8,1.08,0,0,0,0,1,0
51,3.6,1.11,3.2,0.98,0,0,0,0,1,0
52,4.6,1.11,5.1,1.81,1,0,0,1,0,0
53,4.3,2.37,5.1,1.7,0,0,0,1,0,0
54,3.1,1.58,3.3,1.62,0,0,0,0,1,0
55,5.8,1.33,5.4,1.11,0,1,1,0,0,0
56,6.4,1.43,5.8,1.4,0,0,1,0,0,0
58,3.3,1.55,3.4,1.56,0,0,0,0,1,0
59,5.3,1.73,4.1,1.92,0,0,0,0,0,1
60,4.3,1.49,6.4,0.49,1,0,0,1,0,0
62,6.2,0.87,3.9,1.22,0,0,0,0,0,1
64,3.6,1.28,4.9,1.58,0,1,0,1,0,0
65,6.4,1.43,5.8,1.83,0,1,1,0,0,0
67,7.2,0.75,6.8,1.4,0,0,1,0,0,0
68,3.8,1.33,4.9,1.64,0,0,0,1,0,0
69,3.2,0.87,3.9,0.83,1,0,0,0,1,0
70,4.4,1.69,3.6,1.43,0,0,0,0,1,0
71,5.9,1.51,3.7,0.78,0,0,0,0,0,1
72,6.7,1.73,5.6,2.01,0,0,1,0,0,0
73,5.8,1.72,5.6,1.74,0,0,1,0,0,0
74,3.0,1.67,4.3,1.42,0,0,0,0,1,0
76,4.3,1.42,3.2,1.83,0,0,0,0,1,0
77,4.2,2.04,2.9,1.14,0,0,0,0,1,0
78,3.4,1.56,3.9,1.92,0,0,0,0,1,0
79,5.5,2.11,5.5,1.36,0,0,1,0,0,0
80,6.0,1.34,5.1,1.37,0,1,1,0,0,0
81,6.1,1.92,3.9,1.7,1,0,0,0,0,1
82,2.9,1.45,3.5,1.63,0,0,0,0,1,0
83,6.1,1.04,5.8,1.72,0,0,1,0,0,0
84,5.9,2.02,5.6,1.74,0,0,1,0,0,0
85,7.1,1.14,6.2,1.6,1,0,1,0,0,0
86,5.4,1.62,5.6,1.2,0,0,1,0,0,0
87,5.3,2.45,2.6,0.92,1,0,0,0,0,1
88,6.7,1.73,5.5,1.28,0,0,1,0,0,0
89,4.5,2.29,4.8,2.04,0,0,0,0,1,0
90,4.3,1.73,4.2,1.72,0,0,0,0,1,0
91,4.5,1.43,5.5,1.2,0,0,0,1,0,0
92,5.8,2.18,4.7,1.79,0,0,0,0,0,1
93,7.2,0.75,6.0,1.73,0,0,1,0,0,0
95,3.3,1.85,4.6,2.2,0,0,0,0,1,0
96,6.8,1.33,6.9,1.3,1,0,1,0,0,0
98,4.3,1.73,2.7,1.42,0,0,0,0,1,0
99,4.3,1.85,4.1,1.97,0,0,0,0,1,0
101,3.4,1.62,2.8,0.87,0,0,0,0,1,0
102,6.5,0.92,5.4,1.56,0,0,1,0,0,0
103,5.6,1.91,3.3,1.79,0,1,0,0,0,1
104,6.1,1.81,3.3,1.79,0,0,0,0,0,1
105,6.5,1.43,5.0,1.41,0,0,1,0,0,0
106,4.6,1.5,3.3,1.19,0,0,0,0,1,0
107,6.0,2.0,4.8,2.14,1,0,0,0,0,1
108,4.5,1.63,4.2,1.94,0,1,0,0,1,0
109,4.4,2.24,4.5,1.5,0,0,0,0,1,0
110,4.4,1.8,2.8,0.87,1,0,0,0,1,0
111,5.3,1.27,5.3,1.42,0,0,1,0,0,0
112,6.8,0.98,6.4,1.56,0,0,1,0,0,0
113,5.4,1.28,3.8,0.87,0,0,0,0,0,1
114,4.8,0.75,5.7,0.9,1,0,0,1,0,0
115,8.4,0.66,7.8,1.17,1,0,1,0,0,0
116,4.4,1.56,3.9,1.22,0,0,0,0,1,0
117,3.9,1.45,5.0,1.73,0,0,0,1,0,0
118,4.9,1.92,4.6,1.85,1,0,0,0,1,0
119,4.3,2.28,3.2,1.25,0,0,0,0,1,0
120,3.8,1.6,5.0,1.61,0,0,0,1,0,0
121,3.1,0.83,3.9,1.51,0,0,0,0,1,0
122,5.5,1.91,4.6,1.85,0,0,0,0,0,1
123,6.1,1.58,6.2,1.47,0,0,1,0,0,0
124,3.7,1.27,2.8,0.75,1,0,0,0,1,0
125,4.5,1.86,4.2,1.33,0,0,0,0,1,0
126,5.1,1.64,6.1,1.37,0,0,1,0,0,0
127,3.0,1.84,5.3,1.68,1,0,0,1,0,0
128,3.6,1.43,4.0,1.55,0,0,0,0,1,0
129,4.2,1.72,6.0,1.67,0,0,0,1,0,0
130,3.3,1.42,4.2,1.33,0,0,0,0,1,0
131,6.1,1.04,4.9,1.64,0,1,1,0,0,0
133,2.8,1.99,2.2,1.17,0,0,0,0,1,0
134,5.4,1.74,6.0,1.18,1,0,1,0,0,0
135,3.7,2.24,3.5,1.43,0,0,0,0,1,0
136,6.8,1.33,6.2,1.08,0,0,1,0,0,0
137,4.3,1.68,5.8,1.33,0,0,0,1,0,0
138,3.8,2.64,2.4,0.92,0,0,0,0,1,0
140,4.2,1.47,4.5,2.01,0,0,0,0,1,0
142,4.6,1.8,4.8,1.72,1,0,0,0,1,0
143,4.0,1.73,4.9,1.45,0,0,0,1,0,0
144,3.4,1.11,4.7,0.9,0,0,0,0,1,0
145,3.1,1.92,5.4,1.91,0,0,0,1,0,0
146,2.4,1.8,3.5,1.91,0,0,0,0,1,0
148,4.7,1.19,5.0,2.05,0,0,0,1,0,0
149,3.4,1.85,3.1,1.92,1,0,0,0,1,0
150,5.0,2.45,5.4,2.2,1,0,0,1,0,0
151,4.0,1.95,4.5,1.28,0,0,0,0,1,0
152,4.4,1.62,5.6,1.43,0,0,0,1,0,0
153,3.9,1.92,4.5,1.69,1,0,0,0,1,0
154,4.2,1.66,4.1,1.87,0,0,0,0,1,0
155,3.6,1.96,5.4,0.92,0,0,0,1,0,0
156,6.4,1.2,6.7,0.46,1,0,1,0,0,0
157,4.0,1.67,6.2,1.08,1,0,0,1,0,0
158,2.1,0.7,3.6,1.43,1,0,0,0,1,0
159,3.8,2.56,3.1,1.81,0,0,0,0,1,0
160,3.5,2.11,3.5,1.57,0,0,0,0,1,0
161,6.3,1.19,3.5,1.91,0,0,0,0,0,1
162,3.7,1.68,4.6,1.02,0,0,0,0,1,0
163,3.6,1.28,4.5,1.36,0,0,0,0,1,0
164,4.1,1.7,2.9,1.97,0,0,0,0,1,0
166,3.1,1.45,4.2,1.08,0,0,0,0,1,0
167,2.7,1.35,3.3,1.62,0,0,0,0,1,0
168,3.3,1.35,3.4,1.56,1,0,0,0,1,0
169,2.4,0.8,2.8,1.08,0,1,0,0,1,0
170,3.0,1.55,5.0,1.48,0,0,0,1,0,0
171,2.1,0.7,3.6,1.74,0,0,0,0,1,0
172,3.8,2.23,5.0,2.24,0,0,0,1,0,0
173,4.6,1.69,2.2,1.17,0,0,0,0,1,0
174,4.0,1.61,3.8,1.4,1,1,0,0,1,0
175,3.7,1.35,4.3,1.55,0,0,0,0,1,0
176,2.4,1.62,3.9,1.58,1,0,0,0,1,0
177,4.8,1.4,5.6,1.74,0,0,0,1,0,0
178,2.8,2.09,3.7,2.1,0,0,0,0,1,0
179,5.2,2.04,6.0,1.95,1,0,1,0,0,0
180,4.8,1.89,5.9,1.37,1,0,0,1,0,0
181,3.7,2.1,2.5,0.92,0,0,0,0,1,0
182,2.2,0.87,3.7,2.05,0,0,0,0,1,0
184,3.6,1.85,3.4,1.11,0,0,0,0,1,0
185,4.9,1.92,4.6,1.36,0,0,0,0,1,0
186,3.7,1.68,4.0,1.61,0,0,0,0,1,0
187,2.5,1.86,3.7,1.95,0,0,0,0,1,0
188,4.0,1.55,3.3,1.55,1,0,0,0,1,0
189,6.5,1.63,7.1,1.58,1,0,1,0,0,0
190,2.8,1.83,3.1,1.3,0,0,0,0,1,0
191,5.1,2.02,6.3,1.9,0,1,1,0,0,0
192,5.8,0.6,6.1,0.54,1,0,1,0,0,0
193,4.1,1.81,3.0,1.34,0,0,0,0,1,0
194,2.7,1.79,4.7,1.27,1,1,0,0,1,0
195,4.2,1.94,2.7,0.78,0,0,0,0,1,0
196,4.3,1.68,4.5,1.63,0,0,0,0,1,0
197,2.2,1.4,2.8,1.33,0,0,0,0,1,0
198,1.9,0.7,3.3,1.79,0,1,0,0,1,0
199,5.3,1.49,5.7,1.27,0,0,1,0,0,0
201,3.7,1.49,4.8,1.54,0,1,0,0,1,0
202,4.6,1.36,5.2,1.4,0,0,0,1,0,0
203,3.5,1.96,4.8,1.66,1,0,0,0,1,0
204,3.6,2.01,2.2,0.98,0,0,0,0,1,0
205,3.0,1.41,4.5,2.01,0,0,0,0,1,0
206,2.3,0.78,2.6,1.02,0,0,0,0,1,0
207,4.8,2.09,4.8,2.44,0,0,0,0,1,0
208,4.8,2.04,6.5,1.02,0,0,0,1,0,0
209,3.1,0.94,4.6,1.85,0,0,0,0,1,0
210,4.2,2.14,5.5,2.16,0,0,0,1,0,0
211,3.1,1.22,4.9,0.83,0,0,0,1,0,0
212,4.6,1.56,5.4,1.8,0,0,0,1,0,0
213,2.6,1.5,2.5,1.63,0,1,0,0,1,0
214,3.6,1.96,4.1,1.58,0,0,0,0,1,0
215,3.2,2.09,2.6,1.2,0,0,0,0,1,0
216,4.5,1.57,5.3,1.1,0,0,0,1,0,0
217,3.5,1.57,4.8,1.6,1,0,0,0,1,0
218,2.9,1.37,4.0,1.48,0,0,0,0,1,0
219,2.4,0.8,3.8,1.47,0,0,0,0,1,0
220,4.1,1.51,3.4,1.02,0,0,0,0,1,0
221,4.3,1.55,3.4,1.8,1,0,0,0,1,0
222,3.8,1.33,4.3,2.37,0,0,0,0,1,0
223,2.2,1.08,3.5,2.16,0,0,0,0,1,0
224,5.5,1.5,5.7,1.79,0,0,1,0,0,0
225,3.7,1.85,4.2,1.6,0,0,0,0,1,0
226,4.9,1.7,5.0,1.55,0,0,0,1,0,0
227,3.1,1.14,3.5,1.5,0,0,0,0,1,0
228,3.5,1.63,4.0,1.26,0,0,0,0,1,0
229,4.8,1.6,4.8,1.47,0,0,0,0,1,0
231,4.1,1.45,5.6,1.69,0,0,0,1,0,0
232,2.5,1.75,2.7,1.0,1,0,0,0,1,0
233,4.7,1.49,4.5,1.8,0,0,0,0,1,0
234,3.5,2.38,3.9,1.45,0,1,0,0,1,0
235,3.0,1.1,3.7,1.35,0,0,0,0,1,0
236,2.5,1.5,2.4,1.2,0,0,0,0,1,0
237,4.2,2.09,3.9,1.3,0,0,0,0,1,0
238,3.0,1.95,4.6,1.8,0,0,0,0,1,0
239,2.3,1.9,3.3,1.55,0,1,0,0,1,0
240,6.4,1.36,6.6,1.02,0,0,1,0,0,0
241,4.1,2.12,4.6,1.36,0,0,0,0,1,0
242,3.5,1.75,4.7,1.55,0,1,0,0,1,0
243,7.2,1.4,4.1,2.17,0,1,0,0,0,1
244,4.3,1.35,4.2,1.66,1,0,0,0,1,0
245,4.2,1.99,6.1,1.58,1,0,0,1,0,0
246,4.9,2.66,3.2,2.04,1,0,0,0,1,0
247,3.9,1.22,4.5,1.28,0,0,0,0,1,0
248,3.4,1.56,3.7,1.0,1,0,0,0,1,0
250,3.4,2.06,3.6,1.36,0,0,0,0,1,0
253,6.6,1.56,2.5,0.81,0,0,0,0,0,1
254,5.3,2.28,7.4,1.11,1,0,1,0,0,0
257,7.6,1.5,6.9,1.7,0,0,1,0,0,0
258,4.3,1.35,4.3,1.35,0,0,0,0,1,0
260,5.3,1.42,3.6,1.62,1,0,0,0,0,1
262,5.6,1.5,6.9,0.94,1,0,1,0,0,0
264,5.3,1.27,5.5,1.5,0,0,1,0,0,0
265,4.5,1.69,6.4,0.66,1,0,0,1,0,0
266,3.6,1.5,4.8,1.94,0,0,0,0,1,0
269,4.3,1.73,4.8,1.94,0,1,0,0,1,0
270,6.1,1.64,7.1,1.64,0,0,1,0,0,0
272,5.9,1.81,6.4,1.85,0,0,1,0,0,0
273,5.4,1.74,7.2,0.87,0,0,1,0,0,0
274,7.7,0.9,6.0,2.0,0,0,1,0,0,0
275,5.3,1.42,5.5,1.02,0,0,1,0,0,0
276,6.1,1.51,5.3,1.68,1,0,1,0,0,0
278,5.5,2.06,5.1,1.64,0,0,1,0,0,0
279,3.6,1.2,4.7,1.42,0,0,0,0,1,0
280,4.2,1.66,3.3,1.1,0,0,0,0,1,0
281,5.4,2.29,7.0,1.18,0,0,1,0,0,0
282,3.2,1.66,4.2,0.75,1,0,0,0,1,0
284,4.4,1.5,5.2,1.17,0,1,0,1,0,0
285,3.5,1.02,5.1,1.37,0,0,0,1,0,0
286,5.7,1.95,6.9,1.87,0,0,1,0,0,0
288,3.5,1.86,5.2,1.78,0,0,0,1,0,0
289,5.7,1.9,6.7,1.0,0,0,1,0,0,0
290,2.1,0.83,3.9,1.58,1,1,0,0,1,0
292,7.3,1.0,7.4,0.92,0,0,1,0,0,0
293,6.3,1.62,4.2,1.94,0,1,0,0,0,1
294,5.5,2.11,6.5,1.91,0,0,1,0,0,0
296,5.9,0.94,5.7,1.27,0,0,1,0,0,0
297,3.1,1.3,3.6,1.36,0,0,0,0,1,0
298,4.0,1.73,5.4,1.69,0,0,0,1,0,0
299,2.8,1.89,4.3,1.27,0,0,0,0,1,0
300,6.8,1.08,4.5,1.86,0,1,0,0,0,1
301,3.2,1.47,3.7,1.73,0,0,0,0,1,0
302,6.6,2.2,7.0,1.48,0,0,1,0,0,0
303,7.0,1.1,6.4,1.74,0,0,1,0,0,0
304,3.8,1.78,4.6,1.69,1,0,0,0,1,0
305,6.4,1.11,6.8,0.98,0,0,1,0,0,0
306,5.7,2.19,6.7,1.73,0,0,1,0,0,0
307,6.1,1.04,6.8,1.4,1,0,1,0,0,0
308,4.3,1.68,6.6,0.92,0,0,0,1,0,0
309,5.3,1.68,5.8,1.78,0,0,1,0,0,0
310,2.1,0.83,2.7,1.0,1,0,0,0,1,0
311,5.8,1.6,6.9,0.94,1,0,1,0,0,0
312,4.6,1.28,5.8,1.6,0,0,0,1,0,0
313,3.6,1.36,5.3,1.27,0,0,0,1,0,0
314,5.8,1.17,5.9,1.22,1,0,1,0,0,0
315,6.4,1.43,7.5,0.81,0,0,1,0,0,0
316,2.8,1.33,3.5,1.96,0,0,0,0,1,0
317,6.1,1.7,4.3,1.35,0,0,0,0,0,1
318,5.9,1.7,5.9,1.45,0,1,1,0,0,0
319,4.5,1.96,6.6,0.8,1,0,0,1,0,0
320,7.4,1.28,6.6,1.43,1,0,1,0,0,0
321,7.3,0.78,6.0,1.73,0,0,1,0,0,0
322,6.1,1.22,7.6,1.02,0,0,1,0,0,0
323,4.82,1.4,5.73,1.48,0,0,0,1,0,0
324,3.3,1.68,4.7,1.42,0,0,0,0,1,0
325,5.5,1.75,5.4,2.06,0,1,1,0,0,0
326,5.4,1.56,7.2,1.25,0,0,1,0,0,0
327,6.0,1.34,7.1,1.3,1,0,1,0,0,0
328,5.2,1.6,4.2,2.09,0,0,0,0,0,1
329,3.3,2.28,4.2,2.23,1,0,0,0,1,0
330,5.9,2.3,3.1,1.87,0,0,0,0,0,1
332,5.5,1.12,6.9,0.83,0,0,1,0,0,0
333,6.7,1.55,6.1,1.7,0,0,1,0,0,0
334,5.9,1.64,5.9,1.92,1,0,1,0,0,0
335,6.8,1.47,6.8,1.33,0,0,1,0,0,0
336,6.1,1.51,6.6,1.5,0,0,1,0,0,0
338,3.0,0.77,3.8,1.47,0,0,0,0,1,0
339,5.9,1.58,6.9,1.14,0,0,1,0,0,0
340,3.8,2.36,4.6,1.91,0,0,0,0,1,0
341,3.8,1.78,4.4,1.69,0,0,0,0,1,0
342,4.0,2.05,5.1,2.12,0,0,0,1,0,0
343,7.0,1.73,8.1,0.83,0,0,1,0,0,0
344,4.6,1.74,5.2,1.6,0,0,0,1,0,0
345,7.2,1.54,6.5,1.86,0,0,1,0,0,0
346,6.7,1.0,7.3,1.55,0,0,1,0,0,0
347,3.82,0.94,5.82,0.94,0,0,0,1,0,0
348,5.0,1.55,5.7,1.73,0,1,0,1,0,0
349,4.6,1.69,5.8,1.89,0,0,0,1,0,0
350,6.0,1.9,6.5,1.8,0,0,1,0,0,0
352,5.5,1.36,4.5,1.43,1,0,0,0,0,1
353,4.0,1.95,4.8,2.04,0,0,0,0,1,0
354,7.1,0.94,6.4,1.28,0,0,1,0,0,0
355,5.1,1.81,6.5,1.2,1,0,1,0,0,0
356,4.6,1.85,5.6,1.36,0,1,0,1,0,0
357,4.8,1.4,6.5,1.2,1,0,0,1,0,0
358,5.6,1.43,4.2,1.6,0,0,0,0,0,1
359,2.5,1.12,3.7,1.62,0,0,0,0,1,0
360,2.5,1.36,5.5,1.57,1,0,0,1,0,0
361,2.55,1.3,3.36,1.61,0,0,0,0,1,0
362,4.0,1.67,5.9,0.83,0,0,0,1,0,0
364,5.5,1.43,6.5,1.12,0,0,1,0,0,0
365,6.0,1.55,7.1,0.83,0,0,1,0,0,0
366,6.9,0.94,6.1,1.3,0,0,1,0,0,0
367,3.1,1.58,2.7,0.64,0,0,0,0,1,0
368,4.8,1.83,6.1,1.58,0,0,0,1,0,0
369,2.9,0.7,3.4,0.8,1,0,0,0,1,0
370,3.8,1.89,3.4,1.8,1,0,0,0,1,0
371,5.2,1.6,6.6,1.02,0,0,1,0,0,0
372,3.6,1.2,4.8,1.72,0,0,0,0,1,0
374,7.0,1.0,4.9,1.14,0,0,1,0,0,0
375,1.9,0.7,2.8,1.66,1,0,0,0,1,0
376,5.0,1.48,5.9,1.14,0,0,0,1,0,0
378,5.5,1.8,5.9,1.64,0,0,1,0,0,0
379,1.9,0.94,2.9,1.14,1,0,0,0,1,0
380,5.6,1.28,4.8,2.04,0,0,0,0,0,1
381,6.0,1.67,6.7,1.1,0,0,1,0,0,0
383,4.2,2.09,3.6,1.56,0,0,0,0,1,0
384,3.6,1.36,4.1,1.58,0,0,0,0,1,0
386,5.0,1.1,5.5,1.75,0,0,0,1,0,0
387,6.2,2.27,6.2,2.52,0,1,1,0,0,0
390,5.7,1.0,6.2,0.6,0,1,1,0,0,0
391,5.5,1.57,6.1,0.94,0,0,1,0,0,0
392,3.4,1.69,4.8,1.47,0,0,0,0,1,0
393,6.0,0.77,6.4,0.66,1,0,1,0,0,0
395,6.7,1.27,6.2,1.4,1,0,1,0,0,0
397,7.0,1.26,7.0,1.34,0,0,1,0,0,0
399,6.7,0.9,7.0,1.0,0,0,1,0,0,0
400,5.1,1.7,5.6,1.11,0,0,1,0,0,0
401,5.5,1.43,6.4,1.2,0,0,1,0,0,0
402,7.1,1.04,7.1,0.94,1,0,1,0,0,0
403,5.1,1.64,5.2,1.66,0,0,1,0,0,0
404,6.9,1.37,6.8,1.33,0,0,1,0,0,0
405,6.1,1.92,7.4,0.92,0,0,1,0,0,0
406,5.3,2.1,4.3,2.19,1,0,0,0,0,1
407,4.3,1.68,4.5,1.63,0,0,0,0,1,0
408,6.6,2.37,6.1,2.02,0,0,1,0,0,0
410,3.8,1.99,5.1,1.7,0,0,0,1,0,0
415,6.0,1.1,5.2,1.83,0,0,1,0,0,0
416,5.5,1.75,5.2,1.6,0,0,1,0,0,0
419,3.3,2.0,4.0,1.41,0,0,0,0,1,0
420,4.5,1.28,5.4,1.28,0,0,0,1,0,0
422,2.8,1.72,3.7,2.45,0,1,0,0,1,0
423,5.2,2.48,4.5,2.29,1,0,0,0,0,1
425,7.1,0.7,6.8,0.87,1,0,1,0,0,0
426,5.3,1.68,5.3,1.42,0,0,1,0,0,0
427,5.2,1.47,5.8,0.75,0,0,1,0,0,0
428,6.6,1.02,6.6,0.92,0,1,1,0,0,0
429,3.3,1.1,4.3,1.9,1,0,0,0,1,0
430,4.0,2.24,2.9,1.04,0,0,0,0,1,0
431,6.1,1.76,5.5,1.91,0,0,1,0,0,0
432,5.3,2.0,5.3,1.68,0,0,1,0,0,0
435,4.5,1.75,5.9,1.51,0,0,0,1,0,0
436,4.3,2.0,5.2,1.83,0,0,0,1,0,0
437,5.2,1.83,4.3,2.1,0,0,0,0,0,1
440,5.3,2.15,6.3,1.73,1,0,1,0,0,0
441,4.6,1.69,5.1,1.51,0,1,0,1,0,0
442,4.1,1.87,4.5,1.57,0,0,0,0,1,0
444,2.3,1.1,2.5,1.2,0,0,0,0,1,0
445,2.4,1.02,4.6,1.62,0,0,0,0,1,0
448,6.7,1.95,6.5,1.96,0,0,1,0,0,0
449,3.6,2.06,3.8,1.83,0,0,0,0,1,0
450,4.1,2.02,5.0,1.73,0,0,0,1,0,0
451,4.9,1.3,4.4,1.8,0,0,0,0,1,0
452,5.45,1.53,6.75,1.44,0,0,1,0,0,0
453,4.6,1.8,5.6,1.2,0,0,0,1,0,0
454,5.0,2.45,4.8,1.47,0,1,0,0,1,0
455,5.4,1.74,5.7,1.19,0,0,1,0,0,0
456,6.1,2.7,2.3,1.27,1,0,0,0,0,1
458,3.4,1.69,5.0,1.79,0,0,0,1,0,0
459,6.3,0.78,6.1,1.22,0,0,1,0,0,0
460,3.8,2.09,3.8,1.72,0,0,0,0,1,0
461,4.8,1.4,4.4,1.56,0,0,0,0,1,0
462,5.8,1.66,4.6,2.06,1,0,0,0,0,1
463,5.0,2.05,5.7,1.68,0,1,0,1,0,0
464,5.1,1.22,5.6,1.5,0,0,1,0,0,0
466,6.6,1.56,5.9,1.22,1,0,1,0,0,0
467,5.7,2.19,6.8,1.17,1,0,1,0,0,0
468,3.6,1.62,3.4,2.15,0,0,0,0,1,0
469,5.1,1.58,5.3,0.9,0,0,1,0,0,0
472,6.5,2.11,5.2,1.54,0,1,1,0,0,0
473,7.1,1.22,5.5,2.2,1,0,1,0,0,0
475,5.6,2.01,5.0,2.0,0,0,1,0,0,0
477,7.1,1.51,7.2,1.17,0,0,1,0,0,0
478,2.8,1.17,3.2,1.08,0,1,0,0,1,0
479,4.5,1.8,5.7,0.9,1,0,0,1,0,0
480,2.7,1.62,4.1,1.14,0,0,0,0,1,0
481,3.4,1.56,4.7,1.95,0,0,0,0,1,0
482,1.9,0.7,3.5,2.2,0,0,0,0,1,0
484,6.4,1.28,6.5,1.28,1,0,1,0,0,0
485,2.6,0.92,3.7,1.42,0,0,0,0,1,0
486,6.2,1.83,5.7,1.62,0,0,1,0,0,0
487,4.5,1.57,5.3,1.19,0,0,0,1,0,0
488,1.6,0.8,3.4,1.28,0,0,0,0,1,0
489,4.6,1.74,5.2,1.78,0,0,0,1,0,0
490,3.9,1.51,3.7,1.68,1,0,0,0,1,0
492,4.4,1.91,4.8,1.72,0,0,0,0,1,0
493,3.7,1.55,4.9,1.14,0,0,0,1,0,0
494,3.7,1.62,4.1,1.7,0,0,0,0,1,0
496,4.7,2.15,5.9,1.81,0,0,0,1,0,0
497,6.2,1.54,5.7,2.24,0,0,1,0,0,0
498,2.9,1.87,2.8,1.47,0,0,0,0,1,0
499,3.6,1.56,3.6,1.56,0,0,0,0,1,0
500,6.0,1.79,5.2,1.66,1,0,1,0,0,0
501,2.5,1.12,4.4,0.92,0,0,0,0,1,0
502,4.8,1.78,4.6,1.62,0,0,0,0,1,0
503,5.8,1.66,6.4,1.02,0,0,1,0,0,0
504,4.8,0.87,4.0,0.77,0,0,0,0,1,0
506,2.9,0.94,4.1,1.37,0,0,0,0,1,0
507,4.9,1.14,4.8,1.17,0,1,0,0,1,0
512,5.1,1.7,5.4,1.91,0,0,1,0,0,0
513,3.1,1.64,4.2,1.47,0,0,0,0,1,0
514,4.3,1.85,5.8,1.89,0,0,0,1,0,0
515,3.8,1.4,3.4,1.2,1,0,0,0,1,0
518,4.1,1.7,3.4,1.11,0,0,0,0,1,0
519,6.8,1.83,5.3,1.79,1,0,1,0,0,0
520,4.0,1.55,5.5,1.36,1,0,0,1,0,0
521,3.8,1.54,4.6,2.06,0,1,0,0,1,0
522,3.5,2.11,2.7,0.9,0,0,0,0,1,0
523,5.1,1.7,5.9,1.87,0,0,1,0,0,0
524,3.3,1.27,4.0,1.1,0,0,0,0,1,0
525,4.3,1.55,4.8,1.99,0,0,0,0,1,0
527,4.0,1.67,5.7,1.95,0,0,0,1,0,0
529,4.7,1.55,5.8,1.17,0,0,0,1,0,0
530,3.3,1.42,3.5,1.57,1,0,0,0,1,0
535,6.1,2.02,6.5,1.69,1,0,1,0,0,0
536,5.1,1.37,4.5,0.81,0,1,0,0,0,1
537,5.0,2.45,2.6,1.8,0,0,0,0,1,0
540,4.1,1.87,4.4,1.5,1,0,0,0,1,0
544,4.8,2.14,4.5,1.75,0,0,0,0,1,0
547,3.4,1.85,4.8,2.09,0,0,0,0,1,0
550,4.2,1.78,5.9,1.87,1,0,0,1,0,0
551,3.2,1.47,4.0,1.41,0,0,0,0,1,0
554,2.8,2.27,5.0,2.37,0,0,0,1,0,0
555,5.2,1.6,4.8,1.66,0,0,0,0,0,1
556,5.6,2.06,6.1,1.64,0,0,1,0,0,0
558,2.8,1.83,3.2,1.66,0,0,0,0,1,0
560,2.9,1.22,4.6,1.62,0,0,0,0,1,0
561,6.9,0.7,7.0,0.89,0,0,1,0,0,0
564,4.7,1.68,4.9,1.64,0,1,0,1,0,0
565,3.1,1.51,3.0,1.0,0,0,0,0,1,0
568,5.4,1.5,3.1,1.37,0,0,0,0,0,1
574,4.5,2.06,4.8,1.94,0,0,0,0,1,0
577,5.6,1.56,5.5,1.28,0,0,1,0,0,0
579,3.1,1.92,3.2,1.33,0,0,0,0,1,0
580,2.4,1.02,4.4,1.28,0,0,0,0,1,0
581,5.3,1.19,6.0,1.0,0,0,1,0,0,0
582,3.1,1.37,4.9,1.64,0,1,0,1,0,0
584,2.5,1.12,2.4,0.8,0,0,0,0,1,0
585,4.0,1.41,4.2,1.66,0,0,0,0,1,0
586,5.2,1.4,5.9,0.7,0,0,1,0,0,0
591,5.7,1.68,6.2,2.09,0,0,1,0,0,0
592,5.45,1.08,5.09,2.11,0,0,1,0,0,0
594,4.2,1.83,3.1,1.51,1,0,0,0,1,0
597,4.8,1.78,6.4,0.8,0,0,0,1,0,0
598,4.0,1.61,5.6,1.02,0,0,0,1,0,0
600,3.5,1.8,4.0,2.1,0,0,0,0,1,0
605,4.4,1.74,6.0,1.55,0,1,0,1,0,0
606,4.1,1.76,5.6,1.5,0,0,0,1,0,0
607,4.4,1.74,6.1,1.3,0,0,0,1,0,0
608,2.9,1.64,3.8,1.89,0,0,0,0,1,0
609,5.3,1.82,5.55,1.69,0,0,1,0,0,0
610,6.3,1.35,6.5,1.75,0,1,1,0,0,0
611,5.1,1.58,4.8,1.72,1,0,0,0,0,1
612,5.6,1.2,6.6,0.49,1,1,1,0,0,0
613,5.2,2.18,6.8,1.4,0,0,1,0,0,0
614,4.3,1.49,3.7,1.35,0,0,0,0,1,0
615,3.2,1.72,5.0,0.77,0,0,0,1,0,0
616,3.5,1.43,5.0,1.18,1,0,0,1,0,0
617,6.5,1.69,3.0,1.34,0,0,0,0,0,1
620,5.8,1.25,4.4,1.56,0,0,0,0,0,1
621,2.9,1.22,4.4,1.11,1,0,0,0,1,0
622,4.5,2.11,5.0,1.79,0,0,0,1,0,0
623,3.8,1.66,5.9,1.58,0,0,0,1,0,0
625,3.1,1.45,4.4,1.2,0,0,0,0,1,0
628,4.9,2.07,6.8,1.66,0,0,0,1,0,0
629,7.4,0.92,7.6,0.8,0,0,1,0,0,0
631,7.6,1.5,3.1,2.34,0,0,0,0,0,1
632,4.2,2.09,5.4,1.8,0,0,0,1,0,0
634,4.7,2.33,5.8,1.54,1,0,0,1,0,0
635,6.6,0.92,7.6,1.02,1,0,1,0,0,0
637,2.2,0.87,3.6,1.96,0,0,0,0,1,0
638,3.2,1.47,4.4,1.62,0,0,0,0,1,0
639,6.1,0.94,6.3,1.1,0,0,1,0,0,0
640,7.6,0.8,7.8,0.75,0,0,1,0,0,0
643,3.5,1.12,4.2,1.72,0,0,0,0,1,0
644,4.3,1.62,5.6,1.96,0,0,0,1,0,0
645,4.6,1.91,5.7,1.68,1,0,0,1,0,0
646,3.1,1.3,3.8,1.4,0,0,0,0,1,0
647,3.0,1.0,5.8,0.87,0,0,0,1,0,0
648,5.1,2.07,6.8,1.54,0,0,1,0,0,0
649,6.2,0.98,6.7,0.64,0,0,1,0,0,0
650,6.0,1.0,4.2,1.66,1,0,0,0,0,1
651,6.4,1.02,7.1,0.7,0,0,1,0,0,0
652,3.2,1.72,4.3,1.62,1,0,0,0,1,0
653,5.3,2.0,6.5,1.02,0,0,1,0,0,0
654,5.1,1.81,4.4,1.69,1,0,0,0,0,1
656,2.6,1.11,4.1,1.45,0,0,0,0,1,0
657,5.1,0.94,5.6,0.8,0,0,1,0,0,0
658,4.4,1.56,5.7,1.27,0,0,0,1,0,0
660,2.1,1.14,2.8,1.4,0,0,0,0,1,0
661,2.2,1.72,2.8,1.66,0,0,0,0,1,0
662,5.9,1.22,5.1,2.12,0,0,1,0,0,0
663,3.3,1.79,4.3,1.49,0,0,0,0,1,0
664,7.0,1.0,6.6,1.43,1,0,1,0,0,0
665,5.7,1.73,6.2,1.6,0,0,1,0,0,0
666,5.3,1.42,5.0,1.9,0,0,1,0,0,0
667,4.2,1.4,4.9,1.22,0,0,0,1,0,0
668,5.0,1.55,5.3,1.62,1,0,0,1,0,0
671,3.1,1.51,3.7,1.55,0,0,0,0,1,0
672,4.4,2.33,6.3,1.73,0,0,0,1,0,0
673,6.6,1.28,6.7,1.35,0,0,1,0,0,0
674,6.8,1.33,7.4,1.36,1,0,1,0,0,0
675,5.1,1.45,5.8,1.25,0,0,1,0,0,0
676,6.6,2.37,6.6,2.37,0,0,1,0,0,0
677,6.5,1.91,5.3,1.79,0,1,1,0,0,0
681,4.9,2.12,6.6,1.74,0,0,0,1,0,0
682,4.8,1.33,6.0,0.77,0,0,0,1,0,0
684,4.3,1.62,4.9,1.45,0,0,0,1,0,0
685,4.5,2.01,3.6,2.01,1,1,0,0,1,0
686,3.4,1.56,5.5,1.43,0,0,0,1,0,0
687,7.3,1.1,7.4,0.92,1,0,1,0,0,0
688,4.3,1.42,5.0,1.61,0,0,0,1,0,0
689,3.8,1.66,4.6,1.43,0,0,0,0,1,0
690,2.4,2.01,4.4,2.06,0,0,0,0,1,0
691,5.0,1.61,3.7,1.27,0,0,0,0,1,0
692,6.9,1.37,6.1,1.7,0,1,1,0,0,0
693,6.2,1.6,5.3,1.95,0,0,1,0,0,0
695,5.9,1.58,6.2,1.72,0,0,1,0,0,0
696,5.3,2.24,5.8,2.23,0,0,1,0,0,0
697,4.8,1.54,5.8,1.08,0,0,0,1,0,0
698,3.9,1.92,3.7,1.62,0,0,0,0,1,0
699,3.7,1.79,4.5,1.5,1,0,0,0,1,0
700,4.8,1.4,5.6,1.36,0,0,0,1,0,0
702,7.5,1.43,3.3,1.95,0,0,0,0,0,1
703,5.1,2.02,6.0,1.61,0,0,1,0,0,0
704,4.1,1.04,4.2,1.4,0,0,0,0,1,0
706,5.5,0.81,6.0,0.89,0,0,1,0,0,0
707,3.2,2.52,3.1,1.81,0,0,0,0,1,0
708,3.2,2.18,3.2,1.6,0,0,0,0,1,0
709,5.8,1.47,5.0,1.79,0,0,1,0,0,0
710,5.4,1.36,5.1,1.3,0,0,1,0,0,0
711,2.9,1.14,3.1,1.14,1,0,0,0,1,0
712,3.4,1.11,5.3,1.42,0,1,0,1,0,0
713,4.9,2.17,6.3,2.0,0,1,0,1,0,0
714,4.4,1.8,4.8,1.78,0,0,0,0,1,0
715,2.9,1.37,4.3,1.68,0,0,0,0,1,0
717,4.5,1.28,4.9,1.22,0,0,0,1,0,0
718,5.9,1.58,6.5,1.63,0,0,1,0,0,0
719,7.1,1.14,7.2,1.17,0,0,1,0,0,0
721,5.7,1.79,5.5,1.02,0,1,1,0,0,0
722,5.7,1.55,7.0,0.63,0,0,1,0,0,0
723,6.5,1.75,7.2,1.08,0,0,1,0,0,0
724,6.0,1.0,6.1,1.04,0,0,1,0,0,0
725,5.1,1.7,5.1,1.45,0,0,1,0,0,0
726,7.0,2.14,3.6,1.74,1,0,0,0,0,1
727,4.3,1.68,4.5,1.86,0,0,0,0,1,0
728,6.9,1.76,7.5,1.2,0,0,1,0,0,0
729,6.4,1.02,3.5,1.57,0,1,0,0,0,1
730,3.7,1.62,4.5,1.02,0,0,0,0,1,0
731,7.3,1.62,5.8,1.78,0,0,1,0,0,0
732,5.6,1.74,6.3,0.9,1,1,1,0,0,0
733,4.3,1.42,5.0,1.48,1,0,0,1,0,0
734,5.7,1.79,6.3,1.55,1,0,1,0,0,0
735,4.3,1.0,4.9,0.94,0,0,0,1,0,0
736,2.7,1.42,3.7,0.9,1,0,0,0,1,0
737,4.1,0.94,4.9,1.22,0,0,0,1,0,0
738,5.5,1.43,6.2,1.33,1,1,1,0,0,0
739,6.2,1.54,6.9,0.94,0,0,1,0,0,0
740,3.7,1.79,4.0,1.34,0,0,0,0,1,0
741,4.6,1.5,4.4,1.5,1,0,0,0,1,0
742,6.1,2.12,6.5,1.63,1,0,1,0,0,0
743,3.1,1.45,5.0,1.95,0,0,0,1,0,0
744,6.1,1.3,5.5,1.12,0,0,1,0,0,0
745,4.2,1.08,1.6,0.66,1,0,0,0,1,0
746,3.7,1.73,4.6,1.91,0,0,0,0,1,0
747,3.6,1.36,4.9,1.22,0,0,0,1,0,0
748,5.1,1.92,4.4,1.56,0,0,0,0,0,1
749,4.2,1.25,4.9,1.37,0,0,0,1,0,0
750,5.3,2.0,5.7,1.9,0,0,1,0,0,0
756,5.9,1.87,6.8,0.75,0,0,1,0,0,0
757,6.0,1.26,6.1,1.37,1,0,1,0,0,0
758,4.8,1.89,5.9,1.04,0,0,0,1,0,0
759,6.7,0.9,5.9,1.14,1,0,1,0,0,0
763,3.5,1.43,5.5,1.36,1,0,0,1,0,0
764,6.3,1.62,7.5,0.92,0,0,1,0,0,0
767,5.2,1.25,6.5,0.5,0,0,1,0,0,0
769,6.2,1.66,5.0,2.05,1,0,1,0,0,0
773,4.5,1.75,4.7,2.0,0,0,0,0,1,0
775,3.7,1.55,4.4,1.5,0,0,0,0,1,0
776,3.5,1.75,4.5,2.2,0,0,0,0,1,0
777,6.2,2.14,5.1,2.17,0,0,1,0,0,0
779,2.8,1.47,5.3,1.42,1,0,0,1,0,0
780,5.8,1.4,6.2,1.54,0,0,1,0,0,0
781,4.9,2.02,6.3,2.1,1,0,0,1,0,0
782,7.2,1.4,4.7,2.45,0,1,0,0,0,1
784,4.7,1.68,5.7,1.35,0,0,0,1,0,0
787,6.1,1.81,6.3,1.62,1,0,1,0,0,0
789,3.9,2.26,5.2,1.94,0,0,0,1,0,0
790,7.2,1.25,5.4,1.43,0,0,1,0,0,0
791,2.7,1.27,4.6,1.69,0,0,0,0,1,0
794,2.5,1.02,4.2,1.08,0,0,0,0,1,0
795,2.2,0.98,3.5,1.12,0,0,0,0,1,0
796,5.2,2.27,5.1,1.87,0,1,1,0,0,0
797,4.9,2.12,5.4,1.85,0,0,0,1,0,0
798,6.5,1.43,5.9,1.76,0,0,1,0,0,0
799,4.1,1.22,5.6,0.66,1,0,0,1,0,0
800,4.5,1.63,4.5,1.86,0,1,0,0,1,0
801,3.3,2.0,3.5,2.11,0,0,0,0,1,0
804,6.9,1.04,6.8,0.6,1,0,1,0,0,0
805,2.2,0.98,3.5,1.36,0,0,0,0,1,0
806,6.4,1.69,6.6,1.8,0,0,1,0,0,0
807,4.8,1.6,6.5,0.92,0,0,0,1,0,0
808,3.1,1.51,4.3,1.85,0,0,0,0,1,0
810,6.5,1.57,6.6,0.66,0,0,1,0,0,0
811,4.1,1.45,4.9,1.37,0,0,0,1,0,0
813,6.2,1.17,6.7,1.0,0,0,1,0,0,0
814,6.1,1.37,5.3,1.62,0,0,1,0,0,0
815,5.5,1.57,5.9,0.94,0,0,1,0,0,0
818,5.9,1.3,6.8,1.4,1,0,1,0,0,0
819,4.0,1.84,5.7,1.42,0,0,0,1,0,0
820,6.4,1.43,6.4,1.36,0,0,1,0,0,0
823,4.8,1.54,4.8,1.17,0,0,0,0,1,0
824,7.2,1.4,7.0,1.0,1,1,1,0,0,0
825,4.1,2.21,5.7,1.19,0,0,0,1,0,0
826,4.0,1.55,4.7,1.35,0,0,0,0,1,0
829,2.3,1.0,4.5,1.36,0,0,0,0,1,0
830,5.3,1.49,5.9,1.45,0,0,1,0,0,0
831,5.2,1.17,6.2,0.75,0,0,1,0,0,0
833,5.0,1.55,5.8,1.17,0,0,0,1,0,0
834,4.7,1.73,4.3,1.79,0,0,0,0,1,0
836,7.1,1.14,5.7,1.9,0,0,1,0,0,0
839,5.7,1.35,4.4,1.74,0,0,0,0,0,1
841,4.2,1.4,4.7,1.19,0,0,0,0,1,0
844,3.8,1.99,3.4,1.2,0,0,0,0,1,0
845,5.1,1.87,4.0,1.73,0,0,0,0,0,1
846,6.0,1.1,5.5,1.12,0,0,1,0,0,0
848,2.2,1.33,2.7,1.1,0,1,0,0,1,0
850,3.6,1.91,3.1,1.3,0,0,0,0,1,0
851,5.0,0.77,4.4,1.02,0,0,0,0,1,0
852,4.5,1.5,4.7,2.05,1,1,0,0,1,0
854,2.9,1.3,3.8,1.47,0,0,0,0,1,0
855,2.9,1.87,4.5,1.36,0,0,0,0,1,0
856,6.7,0.9,5.6,0.8,0,0,1,0,0,0
857,4.9,1.87,5.3,1.95,0,0,0,1,0,0
858,4.4,2.01,4.5,2.2,0,0,0,0,1,0
859,3.6,2.01,5.1,2.02,0,0,0,1,0,0
860,6.6,0.92,6.7,1.27,0,0,1,0,0,0
863,6.4,1.11,7.0,1.0,0,0,1,0,0,0
864,5.7,1.1,5.9,1.04,0,0,1,0,0,0
865,2.8,1.78,4.6,1.5,0,0,0,0,1,0
866,5.8,1.17,5.1,1.58,1,1,1,0,0,0
867,5.8,1.83,6.5,2.01,0,1,1,0,0,0
869,2.6,1.69,4.1,1.92,0,0,0,0,1,0
871,6.4,1.36,6.0,1.84,1,0,1,0,0,0
872,3.4,1.62,5.5,1.8,0,0,0,1,0,0
873,6.8,0.98,7.0,0.77,0,0,1,0,0,0
874,6.3,1.49,4.4,1.96,0,0,0,0,0,1
876,6.3,2.19,6.7,1.68,1,0,1,0,0,0
879,5.6,1.02,6.0,1.26,0,0,1,0,0,0
880,4.9,2.12,3.8,1.66,0,0,0,0,1,0
882,5.3,1.68,5.2,1.47,1,0,1,0,0,0
884,5.5,1.96,5.0,1.48,0,0,1,0,0,0
886,5.9,0.94,5.4,1.36,0,0,1,0,0,0
887,5.1,1.64,5.6,1.43,1,0,1,0,0,0
889,6.9,1.7,7.2,1.54,0,0,1,0,0,0
890,3.6,1.56,4.7,1.68,0,0,0,0,1,0
891,3.4,1.43,5.5,1.02,0,0,0,1,0,0
892,3.9,2.02,2.9,1.14,0,0,0,0,1,0
893,7.3,1.85,3.3,2.05,0,0,0,0,0,1
897,4.9,1.37,4.3,1.35,0,0,0,0,1,0
898,6.4,1.91,5.5,1.91,1,0,1,0,0,0
899,5.3,1.79,6.3,1.55,0,0,1,0,0,0
902,7.0,0.77,3.3,1.55,1,0,0,0,0,1
903,5.9,1.14,5.6,1.2,0,0,1,0,0,0
904,5.7,1.19,4.2,1.72,0,1,0,0,0,1
908,5.5,1.12,4.9,1.64,0,0,1,0,0,0
909,6.0,1.9,5.5,2.2,0,0,1,0,0,0
910,7.0,1.55,6.6,1.74,0,0,1,0,0,0
911,7.1,1.22,4.0,1.48,0,0,0,0,0,1
913,4.8,1.94,3.3,1.55,0,0,0,0,1,0
915,5.0,1.9,5.2,1.54,0,0,0,1,0,0
921,5.9,1.14,6.1,1.3,1,0,1,0,0,0
924,5.4,1.8,6.2,1.4,1,0,1,0,0,0
925,4.9,1.51,5.7,1.62,1,0,0,1,0,0
926,4.0,1.61,5.5,1.02,0,0,0,1,0,0
928,5.0,1.95,4.0,1.79,0,0,0,0,1,0
931,6.3,2.19,6.5,1.75,1,0,1,0,0,0
932,4.5,1.36,4.9,1.76,0,0,0,1,0,0
934,6.2,1.78,6.4,1.62,0,0,1,0,0,0
936,5.4,1.56,4.7,1.68,0,0,0,0,0,1
938,7.3,0.78,4.2,1.33,0,0,0,0,0,1
939,6.2,1.4,2.7,1.1,0,0,0,0,0,1
941,7.2,0.98,5.9,1.7,1,0,1,0,0,0
942,4.8,1.6,4.1,1.97,0,0,0,0,1,0
944,7.1,0.94,6.5,1.2,0,0,1,0,0,0
945,2.3,1.35,2.8,1.47,0,0,0,0,1,0
949,5.7,1.49,6.1,1.22,1,0,1,0,0,0
952,4.2,2.14,3.7,1.35,0,0,0,0,1,0
954,5.1,1.58,5.5,1.02,0,0,1,0,0,0
955,3.8,1.4,5.6,0.8,0,0,0,1,0,0
956,4.5,1.02,5.4,0.92,0,0,0,1,0,0
957,2.8,1.08,4.7,1.55,0,0,0,0,1,0
958,5.5,1.86,5.1,1.81,0,0,1,0,0,0
959,6.2,1.94,6.4,2.01,0,0,1,0,0,0
960,7.7,1.27,7.7,0.78,0,0,1,0,0,0
961,5.6,0.8,5.5,1.2,0,0,1,0,0,0
962,7.4,0.92,3.4,1.5,1,0,0,0,0,1
964,7.6,0.92,7.0,1.48,1,0,1,0,0,0
967,2.8,2.09,4.4,2.15,1,0,0,0,1,0
968,3.8,2.14,3.2,1.72,0,0,0,0,1,0
970,6.6,1.56,6.6,1.56,1,0,1,0,0,0
973,6.5,1.8,4.6,2.11,0,1,0,0,0,1
974,4.1,1.64,4.2,1.78,0,0,0,0,1,0
976,6.2,1.08,5.9,1.22,0,0,1,0,0,0
977,7.3,1.0,3.5,1.63,0,0,0,0,0,1
978,7.7,1.42,6.1,2.02,0,0,1,0,0,0
979,3.1,1.58,5.5,1.86,0,0,0,1,0,0
980,5.8,1.17,4.3,1.73,1,0,0,0,0,1
981,6.7,1.79,6.6,1.5,1,0,1,0,0,0
983,4.8,2.23,6.3,1.27,0,0,0,1,0,0
985,3.9,1.81,6.1,1.22,0,0,0,1,0,0
986,5.8,0.98,4.5,1.96,0,0,0,0,0,1
987,6.3,1.62,3.6,1.56,0,0,0,0,0,1
988,5.4,1.2,5.9,1.51,0,0,1,0,0,0
989,6.3,2.0,6.4,1.56,0,0,1,0,0,0
990,6.0,1.61,6.1,1.51,1,0,1,0,0,0
991,3.1,1.3,3.5,1.5,1,0,0,0,1,0
993,4.4,1.2,3.8,1.17,0,0,0,0,1,0
994,6.6,1.74,5.3,1.55,0,0,1,0,0,0
995,4.7,1.27,2.4,0.92,0,0,0,0,1,0
996,6.0,1.61,6.7,1.68,0,0,1,0,0,0
997,6.4,2.11,6.7,1.68,1,0,1,0,0,0
999,4.1,2.3,5.9,1.58,0,0,0,1,0,0
1000,6.8,1.6,5.6,2.06,1,0,1,0,0,0
1001,4.4,1.5,3.8,1.72,0,0,0,0,1,0
1002,4.5,1.5,3.2,1.54,0,0,0,0,1,0
1003,5.3,1.79,3.3,1.35,0,0,0,0,0,1
1004,3.8,0.98,4.7,1.49,0,1,0,0,1,0
1005,5.4,1.28,5.1,1.22,1,0,1,0,0,0
1006,4.6,1.36,4.4,2.11,1,0,0,0,1,0
1007,5.2,1.47,5.4,1.56,0,0,1,0,0,0
1008,6.0,1.55,5.4,1.5,0,0,1,0,0,0
1009,3.5,1.69,3.7,1.85,0,0,0,0,1,0
1010,6.5,1.63,6.5,1.5,0,0,1,0,0,0
1011,4.5,1.43,3.0,1.1,0,0,0,0,1,0
1012,4.3,1.62,2.9,1.51,0,0,0,0,1,0
1013,3.2,1.4,3.5,1.75,0,0,0,0,1,0
1014,4.9,1.04,4.5,1.28,1,0,0,0,1,0
1015,5.9,1.58,6.3,1.55,0,0,1,0,0,0
1016,3.3,1.42,1.9,0.7,0,0,0,0,1,0
1017,4.1,1.3,3.8,1.66,0,0,0,0,1,0
1018,3.7,1.49,2.5,1.28,0,0,0,0,1,0
1019,4.3,1.68,2.8,1.08,0,0,0,0,1,0
1020,3.4,1.43,2.5,0.81,1,0,0,0,1,0
1021,6.2,1.66,4.8,1.17,0,0,0,0,0,1
1022,3.3,1.19,3.3,1.68,0,0,0,0,1,0
1023,2.9,1.37,2.3,0.78,0,0,0,0,1,0
1024,3.2,1.47,2.9,1.14,1,0,0,0,1,0
1025,5.1,2.21,6.1,1.81,0,0,1,0,0,0
1026,3.7,1.73,2.8,1.83,0,0,0,0,1,0
1027,4.6,0.92,3.8,0.75,0,0,0,0,1,0
1028,4.5,1.28,4.8,1.25,0,0,0,0,1,0
1029,3.9,0.99,4.5,1.08,0,0,0,0,1,0
1030,5.7,1.42,5.2,1.25,0,0,1,0,0,0
1031,4.8,1.4,5.0,1.84,0,0,0,1,0,0
1032,3.3,1.42,4.1,1.92,0,0,0,0,1,0
1033,5.3,1.19,5.6,0.92,0,0,1,0,0,0
1034,3.3,1.55,2.8,1.08,0,0,0,0,1,0
1035,4.3,1.49,4.2,1.94,0,0,0,0,1,0
1036,4.8,1.6,3.0,0.89,0,0,0,0,1,0
1037,5.0,0.63,4.4,1.36,0,0,0,0,1,0
1038,5.0,1.26,4.1,1.64,0,0,0,0,1,0
1039,6.3,1.49,4.6,1.5,0,0,0,0,0,1
1040,6.2,1.54,5.3,1.35,1,0,1,0,0,0
1041,5.6,1.2,5.4,1.62,0,0,1,0,0,0
1042,5.0,1.18,4.3,1.85,0,0,0,0,1,0
1043,4.9,1.76,5.0,1.41,1,0,0,1,0,0
1044,7.1,1.64,6.1,1.81,0,1,1,0,0,0
1045,4.4,1.43,3.1,1.22,0,0,0,0,1,0
1046,5.6,1.69,5.0,2.05,0,0,1,0,0,0
1047,5.3,1.19,4.4,1.5,0,0,0,0,0,1
1048,5.0,2.19,6.7,1.0,0,0,0,1,0,0
1049,5.3,2.28,6.7,1.95,0,0,1,0,0,0
1050,6.0,1.26,5.8,1.08,0,0,1,0,0,0
1051,5.2,1.08,5.3,1.1,1,0,1,0,0,0
1052,5.5,2.25,6.6,1.62,0,0,1,0,0,0
1053,4.5,2.11,6.3,1.19,0,0,0,1,0,0
1054,3.7,2.49,6.3,2.49,0,0,0,1,0,0
1055,3.7,2.53,6.3,2.1,0,0,0,1,0,0
1056,4.2,1.47,5.0,1.84,0,0,0,1,0,0
1057,4.7,2.28,7.1,1.58,0,0,0,1,0,0
1058,4.0,2.05,5.8,2.04,1,0,0,1,0,0
1059,4.7,2.71,7.5,1.78,1,0,0,1,0,0
1060,5.2,2.09,6.1,1.87,1,0,1,0,0,0
1061,6.5,1.8,6.2,1.83,0,0,1,0,0,0
1062,4.1,1.64,4.3,1.55,0,0,0,0,1,0
1063,5.2,1.66,6.4,1.5,1,0,1,0,0,0
1064,5.2,2.25,7.1,1.52,0,0,1,0,0,0
1065,6.0,1.41,6.4,1.28,0,0,1,0,0,0
1066,6.1,1.37,5.5,1.43,0,1,1,0,0,0
1067,4.0,1.34,3.4,1.69,0,0,0,0,1,0
1068,5.9,1.45,5.3,1.62,0,0,1,0,0,0
1069,4.3,2.41,5.6,1.43,0,0,0,1,0,0
1070,5.2,1.33,5.8,0.98,0,0,1,0,0,0
1071,6.5,1.2,5.3,1.1,0,0,1,0,0,0
1072,6.3,1.1,5.5,1.2,0,0,1,0,0,0
1073,5.2,1.25,3.8,1.66,0,1,0,0,0,1
1074,6.8,0.98,6.4,1.69,0,0,1,0,0,0
1075,6.4,1.74,6.6,0.92,0,0,1,0,0,0
1076,6.0,1.26,5.0,1.55,0,0,1,0,0,0
1077,6.4,1.36,4.8,1.66,0,0,0,0,0,1
1078,6.8,0.87,6.0,1.48,1,1,1,0,0,0
1079,6.9,1.14,5.6,1.85,0,0,1,0,0,0
1080,6.0,1.18,5.0,1.61,0,0,1,0,0,0
1081,5.0,1.26,3.5,1.36,1,0,0,0,1,0
1082,6.7,1.27,6.4,1.5,0,0,1,0,0,0
1083,6.1,1.81,6.6,1.69,1,0,1,0,0,0
1084,5.1,1.22,3.4,1.28,0,0,0,0,0,1
1085,6.1,1.37,5.2,1.78,1,1,1,0,0,0
1086,5.9,1.3,4.3,1.0,0,0,0,0,0,1
1087,6.0,1.73,6.4,1.5,1,0,1,0,0,0
1088,7.3,0.9,6.6,1.11,0,1,1,0,0,0
1089,6.4,1.69,6.6,1.5,0,0,1,0,0,0
1090,5.6,1.69,6.6,1.36,0,0,1,0,0,0
1091,5.7,2.15,5.8,1.6,0,1,1,0,0,0
1092,5.8,1.54,6.3,1.35,0,1,1,0,0,0
1093,5.8,1.47,6.0,1.61,0,0,1,0,0,0
1094,6.4,1.2,6.3,1.27,0,0,1,0,0,0
1095,6.2,1.6,6.2,1.47,0,0,1,0,0,0
1096,3.8,1.08,3.6,1.5,0,0,0,0,1,0
1097,5.5,1.69,5.4,1.91,0,0,1,0,0,0
1098,6.8,1.4,6.3,1.73,0,1,1,0,0,0
1099,5.7,1.85,5.9,1.76,0,0,1,0,0,0
1100,6.3,1.19,5.6,1.28,0,0,1,0,0,0
1101,3.7,1.42,2.4,1.43,0,0,0,0,1,0
1102,2.3,0.78,4.5,2.16,1,0,0,0,1,0
1103,3.6,1.56,3.5,1.91,0,0,0,0,1,0
1104,4.2,1.54,4.4,1.28,0,0,0,0,1,0
1105,3.8,1.47,3.7,1.9,0,0,0,0,1,0
1106,3.0,1.34,3.9,1.97,1,0,0,0,1,0
1107,3.0,1.26,3.2,1.33,0,0,0,0,1,0
1108,4.8,1.17,3.7,1.42,0,0,0,0,1,0
1109,4.2,2.18,2.4,1.02,0,0,0,0,1,0
1110,5.1,2.17,5.4,1.74,1,0,1,0,0,0
1111,3.2,1.4,2.9,1.58,1,0,0,0,1,0
1112,3.1,1.45,2.3,1.27,0,0,0,0,1,0
1113,3.4,1.5,3.0,1.55,0,0,0,0,1,0
1114,3.4,1.56,3.3,2.37,0,0,0,0,1,0
1115,4.4,2.37,3.9,1.97,0,0,0,0,1,0
1116,5.7,1.9,3.0,1.41,0,0,0,0,0,1
1117,4.2,1.33,3.4,1.5,0,0,0,0,1,0
1118,4.0,1.84,1.9,0.7,1,0,0,0,1,0
1119,3.4,2.01,2.1,1.04,0,0,0,0,1,0
1120,3.4,1.56,2.8,1.08,0,0,0,0,1,0
1121,3.9,1.76,2.3,1.1,0,0,0,0,1,0
1122,6.8,1.94,5.4,1.5,0,0,1,0,0,0
1123,3.1,1.64,3.1,1.97,0,0,0,0,1,0
1124,5.4,1.62,5.1,1.22,0,0,1,0,0,0
1125,4.9,1.14,3.0,1.41,0,0,0,0,1,0
1126,3.9,1.81,3.2,1.25,0,0,0,0,1,0
1127,3.4,1.62,3.0,1.55,0,0,0,0,1,0
1128,3.7,1.55,2.7,1.49,0,0,0,0,1,0
1129,3.5,1.75,2.4,0.66,0,0,0,0,1,0
1130,3.8,1.17,3.1,1.58,1,0,0,0,1,0
1131,4.5,1.69,3.4,1.96,0,0,0,0,1,0
1132,4.6,1.62,3.4,0.66,0,0,0,0,1,0
1133,5.0,2.05,2.4,1.96,0,0,0,0,1,0
1134,4.1,1.87,2.1,1.04,1,0,0,0,1,0
1135,3.1,1.51,2.7,1.35,0,0,0,0,1,0
1136,4.5,1.36,3.4,1.91,0,0,0,0,1,0
1137,4.3,1.42,4.2,1.33,0,0,0,0,1,0
1138,4.4,1.56,3.7,1.79,0,0,0,0,1,0
1139,5.1,1.92,2.5,1.02,0,0,0,0,0,1
1140,5.9,1.45,5.4,1.43,0,1,1,0,0,0
1141,4.5,1.36,3.6,1.28,1,0,0,0,1,0
1142,3.2,1.66,2.1,1.3,1,0,0,0,1,0
1143,3.8,1.4,5.1,1.76,0,0,0,1,0,0
1144,3.7,1.49,4.6,1.62,0,0,0,0,1,0
1145,4.7,1.95,2.4,1.2,0,0,0,0,1,0
1146,2.6,1.2,3.4,1.62,0,0,0,0,1,0
1147,4.6,1.5,3.6,1.2,0,0,0,0,1,0
1148,3.4,1.85,3.0,1.41,0,0,0,0,1,0
1149,4.0,1.73,2.6,1.36,0,0,0,0,1,0
1150,4.1,1.7,2.3,0.64,0,0,0,0,1,0
1151,5.0,1.73,5.6,1.2,0,0,0,1,0,0
1152,6.1,1.58,5.6,1.28,0,0,1,0,0,0
1153,3.9,1.81,2.5,0.67,0,0,0,0,1,0
1154,3.9,1.7,4.4,1.56,0,0,0,0,1,0
1155,4.2,1.66,4.3,1.0,0,0,0,0,1,0
1156,7.0,1.34,5.6,2.2,0,0,1,0,0,0
1157,6.9,0.94,6.1,1.37,0,0,1,0,0,0
1158,6.2,1.33,6.2,1.78,0,0,1,0,0,0
1159,5.8,1.94,6.0,1.67,0,0,1,0,0,0
1160,6.4,0.66,5.4,1.5,0,0,1,0,0,0
1161,4.1,1.87,2.5,1.5,1,0,0,0,1,0
1162,3.6,1.11,3.8,1.72,0,0,0,0,1,0
1163,6.2,1.89,5.3,1.49,0,0,1,0,0,0
1164,3.6,1.56,3.1,1.22,0,0,0,0,1,0
1165,3.5,1.43,2.8,1.17,1,0,0,0,1,0
1166,4.6,1.85,3.3,1.9,0,0,0,0,1,0
1167,3.6,1.8,2.8,1.25,0,1,0,0,1,0
1168,4.4,2.54,3.3,1.68,0,0,0,0,1,0
1169,3.9,1.7,2.8,1.25,0,0,0,0,1,0
1170,3.1,1.7,2.1,0.94,0,0,0,0,1,0
1171,3.6,1.56,1.9,1.04,0,0,0,0,1,0
1172,3.9,2.02,2.5,1.5,0,0,0,0,1,0
1173,4.3,1.49,4.0,2.05,0,1,0,0,1,0
1174,3.6,2.15,3.3,1.79,0,0,0,0,1,0
1175,3.7,1.27,3.4,1.02,1,0,0,0,1,0
1176,4.9,1.81,2.7,1.62,0,0,0,0,1,0
1177,5.2,2.14,3.3,1.9,0,0,0,0,0,1
1178,4.9,2.12,4.5,1.96,0,0,0,0,1,0
1179,3.4,1.02,4.1,1.37,0,0,0,0,1,0
1180,3.3,1.62,2.6,1.02,0,0,0,0,1,0
1181,3.7,1.42,4.4,1.91,0,0,0,0,1,0
1182,2.7,1.35,2.2,1.17,0,0,0,0,1,0
1183,3.7,2.1,3.2,1.89,0,0,0,0,1,0
1184,4.2,1.6,2.3,1.27,0,0,0,0,1,0
1185,6.2,1.6,4.8,1.47,1,0,0,0,0,1
1186,3.7,1.55,1.9,0.83,0,0,0,0,1,0
1187,4.4,1.96,4.1,1.81,1,0,0,0,1,0
1188,4.7,1.85,3.3,1.42,0,0,0,0,1,0
1189,4.8,1.78,3.2,1.4,0,0,0,0,1,0
1190,3.5,1.75,2.2,0.87,0,0,0,0,1,0
1191,4.4,1.85,2.6,1.2,0,0,0,0,1,0
1192,3.7,1.95,2.9,1.22,0,0,0,0,1,0
1193,4.4,1.43,3.9,1.45,0,0,0,0,1,0
1194,3.4,1.43,2.5,1.2,1,0,0,0,1,0
1195,4.2,2.23,4.0,1.48,1,0,0,0,1,0
1196,3.8,1.6,2.7,1.55,0,0,0,0,1,0
1197,3.9,1.64,2.8,1.54,0,0,0,0,1,0
1198,3.5,2.06,1.8,0.98,0,0,0,0,1,0
1199,4.5,1.96,3.5,1.36,0,0,0,0,1,0
1200,3.2,1.08,3.6,1.43,0,0,0,0,1,0
1201,6.0,1.61,5.5,1.12,0,1,1,0,0,0
1202,4.1,1.97,2.7,1.35,0,0,0,0,1,0
1203,4.0,1.41,3.4,1.28,0,0,0,0,1,0
1204,6.6,0.92,5.5,1.28,0,0,1,0,0,0
1205,6.0,1.67,5.7,1.62,0,1,1,0,0,0
1206,5.1,1.7,5.8,1.6,0,0,1,0,0,0
1207,4.7,1.68,3.4,1.74,1,0,0,0,1,0
1208,6.2,1.08,4.6,1.11,0,0,0,0,0,1
1209,4.4,1.62,2.7,0.78,0,0,0,0,1,0
1210,3.8,2.04,2.4,1.2,0,0,0,0,1,0
1211,5.5,1.43,4.7,1.55,0,0,0,0,0,1
1212,3.5,1.43,2.7,1.27,0,1,0,0,1,0
1213,3.1,1.22,2.8,1.25,0,0,0,0,1,0
1214,6.2,1.08,5.3,1.49,0,0,1,0,0,0
1215,6.2,1.17,5.6,1.36,1,0,1,0,0,0
1216,5.5,1.36,5.3,1.73,1,1,1,0,0,0
1217,3.9,1.58,2.6,1.02,0,0,0,0,1,0
1218,3.9,1.92,4.1,1.81,0,0,0,0,1,0
1219,4.3,1.27,2.2,1.17,0,0,0,0,1,0
1220,3.6,1.56,2.2,1.08,0,0,0,0,1,0
1221,5.4,0.8,5.3,1.0,0,0,1,0,0,0
1222,4.1,2.02,3.2,1.66,0,0,0,0,1,0
1223,4.6,1.91,5.6,1.74,0,0,0,1,0,0
1224,6.2,1.72,6.8,1.33,0,0,1,0,0,0
1225,3.4,1.85,4.6,2.15,0,0,0,0,1,0
1226,3.9,1.58,3.8,1.66,0,0,0,0,1,0
1227,4.7,1.79,5.7,1.85,0,0,0,1,0,0
1228,5.4,1.43,3.3,1.19,0,0,0,0,0,1
1229,5.2,1.66,4.3,1.68,0,0,0,0,0,1
1230,5.3,1.42,3.7,1.49,0,0,0,0,0,1
1231,5.5,1.5,6.5,1.2,0,0,1,0,0,0
1232,6.9,0.83,6.3,1.42,0,0,1,0,0,0
1233,5.5,1.28,4.8,1.47,0,0,0,0,0,1
1234,4.6,1.43,3.0,0.89,1,0,0,0,1,0
1235,4.9,1.22,5.8,1.17,0,0,0,1,0,0
1236,4.5,1.02,4.9,1.04,1,0,0,1,0,0
1237,4.1,1.37,3.3,1.27,0,0,0,0,1,0
1238,5.5,1.36,5.1,1.81,0,0,1,0,0,0
1239,6.3,2.0,6.7,1.73,0,0,1,0,0,0
1240,2.7,1.19,2.6,0.8,0,0,0,0,1,0
1241,4.1,1.37,3.7,1.62,0,1,0,0,1,0
1242,4.7,0.9,4.3,1.35,0,0,0,0,1,0
1243,5.8,1.4,5.7,1.55,0,0,1,0,0,0
1244,4.6,1.5,3.7,1.27,0,0,0,0,1,0
1245,6.4,1.91,5.3,2.0,1,0,1,0,0,0
1246,4.5,1.8,3.1,1.58,0,0,0,0,1,0
1247,4.4,1.91,6.3,1.85,0,0,0,1,0,0
1248,3.7,1.35,3.0,1.26,1,0,0,0,1,0
1249,5.1,1.76,5.6,1.8,1,0,1,0,0,0
1250,7.0,1.41,7.4,0.92,0,0,1,0,0,0
1251,6.9,0.83,6.3,0.78,0,0,1,0,0,0
1252,5.2,0.87,5.1,1.04,0,0,1,0,0,0
1253,4.1,1.3,3.0,1.0,0,0,0,0,1,0
1254,4.7,1.79,6.2,2.23,0,0,0,1,0,0
1255,3.4,2.32,2.0,0.81,0,0,0,0,1,0
1256,5.7,1.27,5.5,1.69,0,0,1,0,0,0
1257,5.0,1.18,3.8,1.25,0,1,0,0,1,0
1258,5.7,1.62,5.6,1.74,0,0,1,0,0,0
1259,3.6,1.5,2.8,1.08,0,0,0,0,1,0
1260,7.2,0.75,6.5,1.43,1,0,1,0,0,0
1261,3.8,1.83,3.1,1.37,0,0,0,0,1,0
1262,4.5,1.8,4.8,1.4,0,0,0,0,1,0
1263,5.8,1.47,5.1,1.22,0,0,1,0,0,0
1264,4.6,1.96,3.6,1.96,0,0,0,0,1,0
1265,5.8,1.4,5.5,1.12,1,0,1,0,0,0
1266,5.6,0.66,5.1,1.14,0,0,1,0,0,0
1267,4.5,1.69,3.7,1.55,0,0,0,0,1,0
1268,5.3,1.42,3.7,1.55,1,0,0,0,0,1
1269,3.5,1.2,4.4,1.56,1,0,0,0,1,0
1270,4.6,1.02,5.3,1.49,0,0,0,1,0,0
1271,4.6,1.2,4.7,1.0,0,0,0,0,1,0
1272,4.0,1.48,3.2,1.33,0,0,0,0,1,0
1273,4.8,2.18,5.6,1.69,0,0,0,1,0,0
1274,6.0,1.48,5.4,1.11,0,0,1,0,0,0
1275,3.5,1.63,2.8,1.25,0,0,0,0,1,0
1276,4.8,1.08,5.5,0.81,0,0,0,1,0,0
1277,2.9,1.14,2.2,1.17,0,0,0,0,1,0
1278,5.1,1.58,4.1,1.64,0,0,0,0,0,1
1279,5.6,1.8,4.2,1.33,1,0,0,0,0,1
1280,5.9,1.7,5.4,1.43,0,0,1,0,0,0
1281,5.4,1.36,4.5,1.86,0,0,0,0,0,1
1282,6.8,1.54,6.4,1.43,0,0,1,0,0,0
1283,3.3,1.79,5.2,1.47,0,0,0,1,0,0
1284,6.3,1.42,6.6,1.28,0,0,1,0,0,0
1285,5.1,1.81,4.9,1.92,1,0,1,0,0,0
1286,3.8,1.83,3.0,1.34,1,0,0,0,1,0
1287,4.5,1.36,4.3,2.0,0,0,0,0,1,0
1288,5.2,1.54,3.4,1.36,0,0,0,0,0,1
1289,5.0,1.41,4.4,1.43,0,0,0,0,1,0
1290,6.6,1.2,6.6,1.36,1,0,1,0,0,0
1291,3.6,2.01,2.5,1.28,0,0,0,0,1,0
1292,5.6,1.91,5.2,1.08,1,1,1,0,0,0
1293,5.7,1.1,5.1,1.22,1,0,1,0,0,0
1294,5.9,1.22,5.5,1.28,0,0,1,0,0,0
1295,6.9,1.04,6.4,1.8,1,0,1,0,0,0
1296,5.0,1.34,5.9,0.83,1,0,0,1,0,0
1297,4.8,1.81,3.7,1.49,0,0,0,0,1,0
1298,6.9,0.94,5.6,1.36,0,1,1,0,0,0
1299,4.5,1.5,4.7,1.27,0,0,0,0,1,0
1300,6.0,1.1,4.5,1.2,0,0,0,0,0,1
1301,4.4,0.92,2.8,1.47,0,0,0,0,1,0
1302,4.4,1.62,3.8,1.72,0,0,0,0,1,0
1303,6.1,1.81,6.5,1.43,0,0,1,0,0,0
1304,5.2,1.72,6.3,1.68,1,0,1,0,0,0
1305,4.7,2.0,6.2,1.25,0,0,0,1,0,0
1306,5.3,1.49,5.3,1.68,0,0,1,0,0,0
1307,5.1,0.94,5.4,1.69,0,0,1,0,0,0
1308,5.8,1.08,5.3,1.68,0,0,1,0,0,0
1309,6.5,1.02,7.4,0.92,0,1,1,0,0,0
1310,5.1,1.3,4.4,1.62,1,0,0,0,0,1
1311,4.1,1.3,3.5,1.36,1,0,0,0,1,0
1312,5.3,1.1,4.0,2.19,0,0,0,0,0,1
1313,4.2,1.25,3.0,0.89,0,0,0,0,1,0
1314,4.1,1.14,4.1,1.64,0,0,0,0,1,0
1315,7.0,1.1,6.4,1.69,0,0,1,0,0,0
1316,5.2,1.6,4.0,1.79,0,0,0,0,0,1
1317,5.3,1.73,6.2,1.66,0,1,1,0,0,0
1318,4.8,1.78,4.3,2.05,0,0,0,0,1,0
1319,6.5,1.02,5.6,1.36,0,0,1,0,0,0
1320,3.8,2.39,6.5,1.08,0,0,0,1,0,0
1321,4.5,1.36,5.7,1.27,0,0,0,1,0,0
1322,6.5,0.92,5.5,1.63,1,1,1,0,0,0
1323,5.5,1.63,5.0,2.0,0,0,1,0,0,0
1324,6.1,1.51,6.7,1.49,0,0,1,0,0,0
1325,5.9,0.94,5.8,1.54,1,0,1,0,0,0
1326,6.1,0.94,5.0,1.18,1,0,1,0,0,0
1327,5.5,2.06,2.8,1.47,0,0,0,0,0,1
1328,4.4,1.85,2.7,1.1,1,0,0,0,1,0
1329,5.3,1.27,4.2,1.99,0,1,0,0,0,1
1330,5.7,1.9,7.2,0.98,0,0,1,0,0,0
1331,5.3,1.79,4.4,2.15,0,0,0,0,0,1
1332,2.5,1.28,2.3,0.64,0,0,0,0,1,0
1333,4.5,1.86,5.7,1.79,1,0,0,1,0,0
1334,3.8,2.71,7.8,1.47,0,0,0,1,0,0
1335,5.4,1.02,5.6,0.8,1,0,1,0,0,0
1336,3.6,1.8,2.7,1.55,0,0,0,0,1,0
1337,5.0,1.48,6.5,1.2,0,0,0,1,0,0
1338,6.2,1.25,6.4,0.92,0,0,1,0,0,0
1339,7.2,0.75,6.8,1.78,1,0,1,0,0,0
1340,6.4,0.8,5.7,1.27,0,0,1,0,0,0
1341,3.5,1.57,3.2,1.66,0,0,0,0,1,0
1342,6.5,1.69,6.4,1.28,0,0,1,0,0,0
1343,6.0,1.0,5.4,1.62,0,0,1,0,0,0
1344,6.3,1.35,5.5,1.43,0,0,1,0,0,0
1345,4.5,1.12,2.9,0.83,0,0,0,0,1,0
1346,6.5,1.12,5.6,1.69,1,1,1,0,0,0
1347,4.6,1.02,4.0,1.0,0,0,0,0,1,0
1348,5.8,1.25,6.3,1.42,0,1,1,0,0,0
1349,5.2,0.87,5.2,0.98,0,0,1,0,0,0
1350,4.0,0.89,2.6,1.02,0,0,0,0,1,0
1351,6.3,1.27,5.9,1.22,0,1,1,0,0,0
1352,6.7,1.49,6.4,1.43,1,0,1,0,0,0
1353,5.3,1.19,6.4,1.28,1,0,1,0,0,0
1354,4.6,1.2,2.0,1.1,1,0,0,0,1,0
1355,6.3,1.35,3.8,2.18,0,0,0,0,0,1
1356,5.2,1.94,5.2,2.27,0,0,1,0,0,0
1357,4.5,1.5,6.0,1.79,0,0,0,1,0,0
1358,6.0,1.34,6.0,1.48,0,0,1,0,0,0
1359,3.6,1.74,3.4,1.69,0,0,0,0,1,0
1360,5.5,1.36,2.9,1.04,0,0,0,0,0,1
1361,4.4,1.56,2.5,1.43,1,0,0,0,1,0
1362,4.4,1.56,5.4,1.28,0,0,0,1,0,0
1363,5.1,1.37,3.6,1.02,0,0,0,0,0,1
1364,4.3,1.68,6.2,0.98,0,0,0,1,0,0
1365,6.5,1.5,6.4,1.69,1,0,1,0,0,0
1366,5.4,1.69,6.3,0.9,0,0,1,0,0,0
1367,7.1,1.37,7.2,1.54,0,0,1,0,0,0
1368,3.4,1.36,3.3,2.15,0,0,0,0,1,0
1369,6.8,1.47,6.6,1.62,0,0,1,0,0,0
1370,4.3,1.19,4.1,1.22,1,0,0,0,1,0
1371,5.7,1.68,5.4,1.69,0,0,1,0,0,0
1372,4.8,1.47,5.2,1.25,0,0,0,1,0,0
1373,6.6,1.11,5.7,1.73,0,0,1,0,0,0
1374,6.0,1.1,4.1,1.37,0,0,0,0,0,1
1375,5.6,1.69,5.6,1.74,0,1,1,0,0,0
1376,7.0,1.48,6.6,1.43,0,0,1,0,0,0
1377,3.7,1.85,3.1,1.58,0,1,0,0,1,0
1378,5.5,1.69,5.7,1.62,0,0,1,0,0,0
1379,5.8,1.33,5.7,1.49,0,0,1,0,0,0
1380,4.1,1.37,4.5,1.57,0,0,0,0,1,0
1381,6.1,1.92,7.1,1.14,0,0,1,0,0,0
1382,4.8,0.98,4.7,1.55,1,1,0,0,1,0
1383,5.6,1.28,3.0,1.48,0,0,0,0,0,1
1384,5.8,1.33,5.4,1.2,0,0,1,0,0,0
1385,6.0,1.41,6.0,1.1,1,0,1,0,0,0
1386,5.9,1.81,5.0,1.95,0,0,1,0,0,0
1387,6.1,0.94,4.5,2.11,0,0,0,0,0,1
1388,6.8,1.47,7.8,1.08,1,0,1,0,0,0
1389,4.2,1.47,3.3,1.27,1,0,0,0,1,0
1390,6.1,1.3,6.3,1.49,0,0,1,0,0,0
1391,4.3,1.55,5.7,1.19,0,0,0,1,0,0
1392,6.2,1.72,6.7,1.68,0,0,1,0,0,0
1393,6.2,0.75,4.1,1.45,0,0,0,0,0,1
1394,6.0,1.34,4.1,1.58,0,0,0,0,0,1
1395,4.7,1.55,3.5,1.2,0,0,0,0,1,0
1396,6.1,1.7,6.0,2.05,0,0,1,0,0,0
1397,4.3,1.49,3.3,1.62,0,1,0,0,1,0
1398,6.9,1.51,7.6,1.69,0,0,1,0,0,0
1399,6.1,1.7,6.4,1.62,0,0,1,0,0,0
1400,5.6,1.85,5.8,2.27,0,0,1,0,0,0
1401,5.8,1.54,5.3,2.1,0,0,1,0,0,0
1402,5.6,1.2,2.5,1.28,0,0,0,0,0,1
1403,5.6,1.2,5.1,1.37,0,0,1,0,0,0
1404,3.8,0.98,2.7,0.78,0,0,0,0,1,0
1405,3.7,1.73,2.2,0.75,1,0,0,0,1,0
1406,3.9,1.7,3.7,1.73,0,0,0,0,1,0
1407,3.6,1.36,3.8,1.25,0,0,0,0,1,0
1408,4.2,1.54,5.0,1.1,0,0,0,1,0,0
1409,4.9,1.22,3.7,2.0,0,0,0,0,1,0
1410,6.0,1.0,4.4,1.62,0,0,0,0,0,1
1411,3.9,1.87,2.7,0.46,0,0,0,0,1,0
1412,4.6,1.11,3.2,1.25,1,0,0,0,1,0
1413,4.3,1.42,4.1,1.22,0,0,0,0,1,0
1414,3.7,1.1,4.0,1.26,0,0,0,0,1,0
1415,5.7,1.1,4.7,1.27,0,0,0,0,0,1
1416,4.4,1.8,2.7,1.1,0,0,0,0,1,0
1417,4.6,2.2,2.4,1.11,0,0,0,0,1,0
1418,4.3,2.0,3.8,2.27,0,0,0,0,1,0
1419,3.7,1.0,2.5,0.81,0,0,0,0,1,0
1420,4.8,1.54,3.1,1.37,0,0,0,0,1,0
1421,4.2,1.89,3.2,1.6,0,0,0,0,1,0
1422,4.1,1.58,2.8,0.75,0,0,0,0,1,0
1423,4.2,1.33,5.5,1.96,0,0,0,1,0,0
1424,4.5,1.36,3.5,0.92,1,0,0,0,1,0
1425,5.1,1.76,5.2,1.89,0,0,1,0,0,0
1426,6.6,1.62,6.4,1.28,1,0,1,0,0,0
1427,5.0,1.79,4.9,2.17,0,0,0,1,0,0
1428,4.7,1.9,3.5,1.8,0,0,0,0,1,0
1429,3.0,1.26,2.3,0.9,1,0,0,0,1,0
1430,4.6,1.36,3.2,1.66,0,0,0,0,1,0
1431,4.1,1.37,4.1,1.14,0,0,0,0,1,0
1432,3.7,1.27,2.6,0.92,0,0,0,0,1,0
1433,4.0,1.48,3.6,1.43,0,0,0,0,1,0
1434,3.7,1.68,2.8,1.17,0,0,0,0,1,0
1435,3.6,1.5,5.3,1.68,0,0,0,1,0,0
1436,4.7,1.27,3.8,1.47,1,0,0,0,1,0
1437,5.1,1.37,4.5,1.5,0,0,0,0,0,1
1438,3.6,1.91,2.9,1.22,0,1,0,0,1,0
1439,4.1,1.45,2.9,1.14,1,0,0,0,1,0
1440,5.1,1.97,4.9,1.97,0,0,1,0,0,0
1441,5.0,1.18,4.0,1.55,0,0,0,0,1,0
1442,5.3,2.19,2.8,1.33,0,0,0,0,0,1
1443,5.8,1.89,2.9,1.7,0,0,0,0,0,1
1444,4.6,1.02,3.1,1.22,0,0,0,0,1,0
1445,5.1,1.76,3.6,1.36,0,0,0,0,0,1
1446,5.8,0.75,3.2,1.25,0,0,0,0,0,1
1447,4.4,1.62,4.1,1.7,0,0,0,0,1,0
1448,4.4,1.43,4.4,2.15,0,0,0,0,1,0
1449,4.6,1.2,4.1,1.22,0,0,0,0,1,0
1450,5.7,1.42,5.0,1.79,0,1,1,0,0,0
1451,5.1,1.58,4.8,1.83,0,0,0,0,0,1
1452,4.2,1.25,3.9,1.45,0,0,0,0,1,0
1453,4.0,1.79,3.8,1.72,0,0,0,0,1,0
1454,5.2,1.6,3.6,1.43,0,0,0,0,0,1
1455,4.1,1.87,4.2,1.33,1,0,0,0,1,0
1456,4.3,1.62,2.2,0.75,1,0,0,0,1,0
1457,5.4,1.56,4.8,1.6,1,0,0,0,0,1
1458,4.2,1.54,4.7,1.35,1,0,0,0,1,0
1459,5.4,1.85,5.1,1.87,1,0,1,0,0,0
1460,4.8,1.4,3.9,1.51,1,0,0,0,1,0
1461,5.3,1.35,4.2,1.72,0,0,0,0,0,1
1462,4.8,1.17,3.9,0.83,0,0,0,0,1,0
1463,3.3,1.42,3.0,1.79,0,0,0,0,1,0
1464,4.8,1.6,4.4,1.62,0,0,0,0,1,0
1465,5.2,1.17,3.7,1.1,0,0,0,0,0,1
1466,6.1,0.7,4.5,1.36,1,0,0,0,0,1
1467,4.0,1.1,4.2,1.08,0,0,0,0,1,0
1468,3.7,1.42,2.0,1.0,0,0,0,0,1,0
1469,3.1,1.64,3.2,1.6,0,0,0,0,1,0
1470,5.1,1.37,3.2,1.6,0,0,0,0,0,1
1471,7.3,1.19,6.8,0.98,0,0,1,0,0,0
1472,5.0,1.48,5.2,1.08,0,0,0,1,0,0
1473,6.1,1.7,6.0,1.79,0,0,1,0,0,0
1474,6.6,0.92,6.4,1.11,0,0,1,0,0,0
1475,4.3,1.19,3.2,0.98,0,0,0,0,1,0
1476,4.5,2.11,5.1,1.87,0,0,0,1,0,0
1477,5.1,1.45,4.5,1.36,1,0,0,0,0,1
1478,5.1,1.14,3.5,1.36,1,0,0,0,0,1
1479,5.0,1.18,5.1,1.51,0,0,0,1,0,0
1480,4.8,1.89,5.3,1.42,0,1,0,1,0,0
1481,3.9,1.45,3.7,1.49,0,0,0,0,1,0
1482,4.3,1.68,3.4,1.43,0,0,0,0,1,0
1483,3.9,1.87,3.8,1.17,0,1,0,0,1,0
1484,4.4,1.36,3.8,1.4,0,0,0,0,1,0
1485,4.7,1.35,3.8,1.17,1,0,0,0,1,0
1486,3.7,1.62,2.9,1.04,0,0,0,0,1,0
1487,4.3,1.85,2.4,0.8,0,0,0,0,1,0
1488,4.9,1.64,3.9,0.94,0,0,0,0,1,0
1489,4.9,1.37,4.6,1.43,0,0,0,0,1,0
1490,3.8,1.47,3.1,1.76,0,1,0,0,1,0
1491,4.8,1.33,5.2,1.83,0,0,0,1,0,0
1492,3.3,1.85,2.8,0.75,0,0,0,0,1,0
1493,4.0,1.34,6.1,1.7,1,0,0,1,0,0
1494,4.9,1.45,3.8,1.54,0,0,0,0,1,0
1495,4.4,1.11,3.9,1.51,0,0,0,0,1,0
1496,6.1,1.64,5.8,1.47,0,0,1,0,0,0
1497,4.4,1.74,3.6,1.36,0,0,0,0,1,0
1498,4.8,1.25,3.8,1.78,0,0,0,0,1,0
1499,4.8,1.33,4.5,1.2,0,0,0,0,1,0
1500,3.8,1.72,3.2,1.94,0,0,0,0,1,0
1501,5.0,1.95,4.9,1.97,1,0,0,1,0,0
1502,7.2,0.98,7.0,1.34,0,0,1,0,0,0
1503,5.9,1.14,4.1,2.3,0,0,0,0,0,1
1504,6.0,1.79,5.9,1.51,0,0,1,0,0,0
1505,4.2,1.08,4.9,1.58,0,0,0,1,0,0
1506,5.0,1.18,4.8,0.87,1,0,0,0,1,0
1507,5.5,0.92,5.7,0.9,0,0,1,0,0,0
1508,5.9,1.64,5.3,1.49,0,0,1,0,0,0
1509,5.9,1.14,5.4,1.8,0,0,1,0,0,0
1510,4.1,1.45,5.6,1.02,0,0,0,1,0,0
1511,5.5,1.57,5.6,1.91,0,0,1,0,0,0
1512,3.8,1.72,5.2,1.25,0,0,0,1,0,0
1513,6.1,1.22,6.3,1.19,0,0,1,0,0,0
1514,4.6,1.96,5.4,1.36,0,0,0,1,0,0
1515,4.4,1.28,4.8,1.4,1,0,0,0,1,0
1516,5.6,1.62,4.9,1.76,0,0,1,0,0,0
1517,6.0,1.67,5.0,1.67,0,0,1,0,0,0
1518,6.1,1.45,6.3,1.55,0,1,1,0,0,0
1519,5.0,1.48,5.6,1.02,0,0,0,1,0,0
1520,5.3,1.27,5.3,1.0,1,0,1,0,0,0
1521,4.8,1.08,4.9,0.83,0,0,0,1,0,0
1522,5.2,1.4,5.7,1.1,0,0,1,0,0,0
1523,6.9,1.45,4.8,1.72,0,0,0,0,0,1
1524,5.6,1.43,4.4,2.11,1,0,0,0,0,1
1525,4.5,1.12,4.5,1.5,0,1,0,0,1,0
1526,5.9,1.45,5.9,1.7,1,0,1,0,0,0
1527,4.5,1.02,4.7,1.0,0,0,0,0,1,0
1528,5.5,1.86,4.6,2.11,0,1,0,0,0,1
1529,5.4,1.96,5.7,1.73,0,0,1,0,0,0
1530,6.2,0.98,4.2,1.33,0,0,0,0,0,1
1531,5.1,1.92,4.8,2.14,0,0,0,0,0,1
1532,5.8,1.33,5.6,1.8,1,0,1,0,0,0
1533,5.2,1.83,5.3,1.95,1,0,1,0,0,0
1534,5.7,0.9,5.7,1.35,0,1,1,0,0,0
1535,5.4,1.2,5.3,1.1,0,0,1,0,0,0
1536,4.8,1.08,3.4,1.69,0,0,0,0,1,0
1537,5.9,1.14,3.4,1.11,0,0,0,0,0,1
1538,6.3,1.19,4.7,1.35,0,0,0,0,0,1
1539,4.4,2.01,4.7,2.0,0,0,0,0,1,0
1540,5.7,1.9,5.1,1.92,0,0,1,0,0,0
1541,5.2,1.08,4.6,1.56,0,0,0,0,0,1
1542,5.5,1.8,5.5,1.43,0,0,1,0,0,0
1543,6.1,1.45,5.4,1.8,0,0,1,0,0,0
1544,6.4,1.74,5.4,1.62,0,0,1,0,0,0
1545,4.8,1.47,4.8,1.25,0,0,0,0,1,0
1546,5.3,1.19,4.4,1.02,0,0,0,0,0,1
1547,4.0,1.67,5.8,1.89,1,0,0,1,0,0
1548,4.6,1.02,3.7,1.35,0,0,0,0,1,0
1549,4.9,1.81,5.2,1.72,0,0,0,1,0,0
1550,4.8,1.66,3.7,1.1,1,0,0,0,1,0
1551,5.6,1.8,5.4,1.56,0,0,1,0,0,0
1552,5.6,1.56,5.6,1.36,1,1,1,0,0,0
1553,5.6,1.69,5.9,1.58,0,0,1,0,0,0
1554,5.8,1.47,4.5,2.16,0,0,0,0,0,1
1555,4.4,1.36,2.9,1.04,1,0,0,0,1,0
1556,4.7,2.0,6.1,1.45,0,0,0,1,0,0
1557,5.5,1.86,6.3,1.42,0,0,1,0,0,0
1558,3.4,1.56,5.9,1.14,0,0,0,1,0,0
1559,5.8,0.98,5.2,1.6,0,0,1,0,0,0
1560,5.2,0.98,5.2,1.4,0,0,1,0,0,0
1561,5.0,1.9,6.0,1.41,0,0,0,1,0,0
1562,4.8,2.04,6.3,1.42,0,0,0,1,0,0
1563,5.1,2.07,5.7,1.79,0,0,1,0,0,0
1564,6.1,1.81,6.4,1.43,0,0,1,0,0,0
1565,4.6,1.36,4.9,1.76,0,0,0,1,0,0
1566,6.2,0.98,5.3,1.0,0,0,1,0,0,0
1567,4.0,1.48,5.0,1.26,1,0,0,1,0,0
1568,5.4,2.2,6.0,1.61,0,0,1,0,0,0
1569,5.6,1.5,5.8,1.25,0,0,1,0,0,0
1570,5.2,1.47,4.6,1.74,0,0,0,0,0,1
1571,4.4,2.06,6.9,1.14,0,0,0,1,0,0
1572,5.5,2.16,5.0,2.45,0,1,1,0,0,0
1573,4.9,1.37,3.6,1.8,0,1,0,0,1,0
1574,5.9,1.64,5.4,1.69,0,0,1,0,0,0
1575,5.2,1.47,5.1,1.51,0,0,1,0,0,0
1576,5.4,0.8,3.9,1.45,0,0,0,0,0,1
1577,5.2,1.89,4.7,1.73,0,0,0,0,0,1
1578,5.9,0.3,4.8,1.54,1,0,0,0,0,1
1579,5.8,1.72,4.9,1.92,0,0,1,0,0,0
1580,6.1,1.04,5.2,1.08,0,0,1,0,0,0
1581,6.5,1.28,6.1,1.37,0,0,1,0,0,0
1582,5.9,1.22,5.4,1.5,0,0,1,0,0,0
1583,5.6,1.56,5.2,1.99,1,0,1,0,0,0
1584,4.9,1.37,4.6,1.8,0,0,0,0,1,0
1585,5.0,1.95,3.9,1.64,1,0,0,0,1,0
1586,4.3,1.62,5.0,1.1,0,0,0,1,0,0
1587,5.0,1.0,5.5,1.28,0,0,0,1,0,0
1588,4.9,1.64,5.8,1.54,1,0,0,1,0,0
1589,5.8,1.47,6.1,1.04,1,0,1,0,0,0
1590,4.2,1.6,6.2,1.17,1,0,0,1,0,0
1591,5.9,0.94,4.7,1.42,0,0,0,0,0,1
1592,6.1,1.92,6.4,1.8,1,0,1,0,0,0
1593,4.7,1.62,3.5,1.57,0,0,0,0,1,0
1594,5.6,1.43,5.4,1.69,0,0,1,0,0,0
1595,5.6,1.85,5.9,1.51,0,0,1,0,0,0
1596,5.5,1.8,5.1,1.87,0,0,1,0,0,0
1597,5.5,1.02,5.0,0.89,1,0,1,0,0,0
1598,4.3,2.19,5.5,1.57,0,0,0,1,0,0
1599,3.6,1.74,4.1,1.45,1,0,0,0,1,0
1600,5.6,1.11,5.6,1.11,1,0,1,0,0,0
1601,5.0,1.67,5.3,1.73,0,0,0,1,0,0
1602,5.0,1.95,3.7,1.9,0,0,0,0,1,0
1603,5.4,0.92,3.9,1.3,0,0,0,0,0,1
1604,4.5,1.5,3.6,0.8,0,0,0,0,1,0
1605,5.6,1.85,4.0,1.95,0,0,0,0,0,1
1606,5.6,0.8,4.9,1.04,0,0,1,0,0,0
1607,4.5,2.01,3.0,1.67,1,0,0,0,1,0
1608,4.5,2.29,7.0,1.34,1,0,0,1,0,0
1609,6.4,1.43,6.5,1.57,0,0,1,0,0,0
1610,6.4,1.2,4.1,1.45,1,0,0,0,0,1
1611,5.7,2.0,6.2,1.6,1,0,1,0,0,0
1612,3.8,0.98,3.1,1.45,0,0,0,0,1,0
1613,6.2,2.09,6.6,1.62,0,0,1,0,0,0
1614,6.6,0.97,4.6,1.35,0,0,0,0,0,1
1615,5.7,0.78,4.6,1.62,1,0,0,0,0,1
1616,4.8,2.04,5.5,1.86,0,0,0,1,0,0
1617,6.1,1.64,5.9,1.81,0,0,1,0,0,0
1618,6.1,1.64,3.9,1.22,0,0,0,0,0,1
1619,5.2,1.54,5.3,1.55,0,0,1,0,0,0
1620,6.3,1.49,5.7,1.68,0,1,1,0,0,0
1621,6.1,1.7,6.0,1.55,0,0,1,0,0,0
1622,6.0,1.73,5.9,1.81,0,0,1,0,0,0
1623,5.6,1.69,5.3,1.95,0,0,1,0,0,0
1624,5.7,1.73,6.4,1.62,0,0,1,0,0,0
1625,4.9,1.22,4.4,1.56,0,0,0,0,1,0
1626,6.1,1.64,6.0,1.55,0,0,1,0,0,0
1627,4.4,1.56,3.9,1.64,1,1,0,0,1,0
1628,4.7,1.49,4.8,1.4,0,0,0,0,1,0
1629,6.4,0.8,6.3,1.0,0,0,1,0,0,0
1630,6.0,1.0,5.4,1.5,0,0,1,0,0,0
1631,5.7,1.27,4.8,1.4,0,0,0,0,0,1
1632,5.2,0.87,3.4,0.8,0,0,0,0,0,1
1633,6.5,1.36,6.3,1.35,0,1,1,0,0,0
1634,5.5,1.8,6.1,1.7,0,0,1,0,0,0
1635,6.8,1.08,6.1,1.3,0,0,1,0,0,0
1636,4.6,1.8,5.2,1.83,0,1,0,1,0,0
1637,5.5,0.92,3.6,1.02,1,0,0,0,0,1
1638,5.9,2.12,3.9,1.76,0,0,0,0,0,1
1639,5.3,1.42,5.3,1.62,0,0,1,0,0,0
1640,6.6,1.74,6.1,1.76,0,1,1,0,0,0
1641,4.6,1.11,5.3,1.19,0,0,0,1,0,0
1642,5.1,1.45,4.9,1.51,0,0,1,0,0,0
1643,4.4,1.56,4.3,1.79,0,0,0,0,1,0
1644,5.0,1.18,5.9,0.94,0,0,0,1,0,0
1645,5.8,1.99,5.7,1.68,0,0,1,0,0,0
1646,4.5,1.36,3.7,1.73,1,0,0,0,1,0
1647,7.1,0.83,5.8,1.54,0,0,1,0,0,0
1648,3.9,1.58,2.5,1.02,0,0,0,0,1,0
1649,6.1,1.22,6.0,1.67,0,0,1,0,0,0
1650,5.9,1.04,4.7,1.19,0,0,0,0,0,1
1651,4.8,0.98,6.0,1.18,0,1,0,1,0,0
1652,7.2,0.98,6.3,1.62,0,0,1,0,0,0
1653,4.3,1.0,3.1,0.94,0,0,0,0,1,0
1654,4.8,1.13,3.1,0.74,1,0,0,0,1,0
1655,6.1,1.45,6.1,1.45,0,0,1,0,0,0
1656,4.7,1.79,4.0,1.41,0,0,0,0,1,0
1657,5.6,1.69,5.7,1.85,0,0,1,0,0,0
1658,6.2,1.83,5.9,1.81,0,0,1,0,0,0
1659,4.6,1.91,4.6,1.91,1,0,0,0,1,0
1660,5.2,1.47,5.5,1.43,0,0,1,0,0,0
1661,5.7,1.62,6.3,1.42,0,1,1,0,0,0
1662,6.1,1.45,6.0,1.84,0,0,1,0,0,0
1663,4.6,1.69,4.9,1.76,1,0,0,1,0,0
1664,4.2,1.72,4.0,1.48,0,0,0,0,1,0
1665,5.6,1.62,5.7,1.79,0,0,1,0,0,0
1666,3.8,1.47,3.3,1.42,0,0,0,0,1,0
1667,6.0,1.41,7.5,1.02,1,0,1,0,0,0
1668,5.5,1.63,5.5,1.5,1,0,1,0,0,0
1669,5.5,1.36,4.9,2.02,0,0,1,0,0,0
1670,5.9,1.04,5.4,1.28,0,0,1,0,0,0
1671,4.2,1.08,3.3,1.0,0,0,0,0,1,0
1672,4.4,1.5,2.6,1.2,0,0,0,0,1,0
1673,6.1,1.14,5.9,1.87,1,0,1,0,0,0
1674,5.0,1.48,5.3,1.42,0,0,0,1,0,0
1675,5.5,1.96,5.7,1.85,0,0,1,0,0,0
1676,5.6,1.11,4.9,1.3,0,0,1,0,0,0
1677,6.8,1.54,6.4,1.11,1,0,1,0,0,0
1678,5.1,1.7,4.2,1.25,0,0,0,0,0,1
1679,5.4,1.2,5.6,1.2,0,0,1,0,0,0
1680,6.8,1.17,6.1,1.37,0,0,1,0,0,0
1681,5.0,1.73,3.5,1.28,1,0,0,0,1,0
1682,6.1,1.04,5.8,1.17,0,0,1,0,0,0
1683,6.0,0.77,4.8,1.33,0,0,0,0,0,1
1684,5.1,1.51,5.0,2.19,0,0,1,0,0,0
1685,5.4,2.06,4.5,1.57,1,0,0,0,0,1
1686,3.7,1.62,3.3,1.62,0,0,0,0,1,0
1687,5.1,1.76,4.7,1.55,0,0,0,0,0,1
1688,5.2,1.89,4.7,1.62,0,0,0,0,0,1
1689,7.1,0.83,6.4,1.11,0,0,1,0,0,0
1690,5.4,1.91,4.6,1.8,0,0,0,0,0,1
1691,3.7,1.27,3.6,1.02,0,1,0,0,1,0
1692,3.8,1.47,3.3,1.9,0,0,0,0,1,0
1693,4.4,1.62,3.8,0.75,1,0,0,0,1,0
1694,4.5,2.84,6.1,2.17,1,0,0,1,0,0
1695,5.7,1.49,5.6,1.74,1,0,1,0,0,0
1696,3.8,1.17,3.3,1.35,1,0,0,0,1,0
1697,3.3,1.27,2.8,0.87,0,0,0,0,1,0
1698,4.5,1.36,4.5,1.43,0,0,0,0,1,0
1699,5.1,1.76,5.0,1.95,0,0,1,0,0,0
1700,5.6,1.5,5.0,1.79,0,0,1,0,0,0
1701,4.0,1.55,3.1,1.51,0,1,0,0,1,0
1702,4.1,1.3,3.9,1.81,0,0,0,0,1,0
1703,5.3,1.42,6.7,2.1,0,0,1,0,0,0
1704,5.3,1.62,6.4,1.11,0,0,1,0,0,0
1705,4.0,1.34,4.4,1.43,0,0,0,0,1,0
1706,4.9,1.81,4.0,1.9,0,0,0,0,1,0
1707,3.5,1.28,4.0,1.26,1,0,0,0,1,0
1708,4.2,1.4,3.6,1.43,0,0,0,0,1,0
1709,4.0,2.0,3.8,1.94,0,0,0,0,1,0
1710,3.6,1.02,2.9,0.94,0,0,0,0,1,0
1711,5.0,1.1,3.2,1.47,0,0,0,0,1,0
1712,4.4,1.69,2.9,1.22,0,0,0,0,1,0
1713,6.2,1.4,5.7,1.27,0,0,1,0,0,0
1714,6.1,0.7,4.0,1.61,1,0,0,0,0,1
1715,5.9,1.22,5.6,1.62,0,1,1,0,0,0
1716,5.8,1.47,5.4,1.28,0,0,1,0,0,0
1717,6.0,0.89,4.8,1.33,0,1,0,0,0,1
1718,4.7,1.49,3.5,1.91,0,0,0,0,1,0
1719,5.0,1.61,3.3,1.49,0,0,0,0,1,0
1720,7.5,0.92,6.0,1.48,0,0,1,0,0,0
1721,4.2,1.25,2.9,1.14,1,0,0,0,1,0
1722,5.0,1.48,3.1,1.22,0,0,0,0,1,0
1723,4.3,1.27,3.4,1.28,1,0,0,0,1,0
1724,3.7,1.79,3.3,1.49,0,0,0,0,1,0
1725,5.2,1.33,4.4,1.36,1,0,0,0,0,1
1726,4.6,1.28,3.2,1.17,1,0,0,0,1,0
1727,4.9,1.3,4.7,1.42,0,0,0,0,1,0
1728,3.1,1.45,4.7,2.28,1,0,0,0,1,0
1729,5.1,1.97,5.4,1.56,0,0,1,0,0,0
1730,5.3,0.9,3.9,1.51,0,0,0,0,0,1
1731,4.2,1.08,3.6,1.5,0,0,0,0,1,0
1732,4.2,1.6,3.0,1.1,0,0,0,0,1,0
1733,3.8,1.83,3.3,1.55,0,1,0,0,1,0
1734,5.1,1.58,5.2,1.72,0,0,1,0,0,0
1735,4.7,1.49,3.0,1.18,0,0,0,0,1,0
1736,4.7,1.49,3.1,0.94,0,0,0,0,1,0
1737,3.6,1.62,3.6,1.36,0,0,0,0,1,0
1738,2.8,1.6,4.8,1.72,0,0,0,0,1,0
1739,3.7,1.55,2.8,1.17,0,0,0,0,1,0
1740,5.3,1.49,4.3,1.55,1,1,0,0,0,1
1741,3.3,1.49,3.5,1.36,0,0,0,0,1,0
1742,6.8,0.98,5.1,1.58,0,0,1,0,0,0
1743,6.8,0.98,6.5,1.2,1,0,1,0,0,0
1744,4.9,0.94,4.3,0.9,0,0,0,0,1,0
1745,7.1,0.94,5.9,1.7,0,0,1,0,0,0
1746,5.7,1.19,4.8,1.17,0,0,0,0,0,1
1747,4.3,1.35,2.9,1.14,0,0,0,0,1,0
1748,5.4,0.66,4.1,1.22,0,0,0,0,0,1
1749,6.7,1.42,4.6,0.92,0,0,0,0,0,1
1750,4.7,1.35,5.3,1.49,0,0,0,1,0,0
1751,4.1,1.14,4.3,1.55,1,0,0,0,1,0
1752,5.5,2.25,6.1,1.81,0,0,1,0,0,0
1753,3.2,1.25,3.4,1.5,0,0,0,0,1,0
1754,4.2,1.54,2.4,1.02,0,0,0,0,1,0
1755,6.4,1.62,5.7,1.19,0,0,1,0,0,0
1756,4.4,1.36,3.9,1.22,0,0,0,0,1,0
1757,5.0,0.77,3.1,0.83,0,1,0,0,1,0
1758,5.4,1.02,3.0,1.0,0,1,0,0,0,1
1759,5.4,1.28,4.7,1.55,0,0,0,0,0,1
1760,4.3,1.68,4.1,1.64,0,0,0,0,1,0
1761,7.9,0.83,7.1,1.22,0,0,1,0,0,0
1762,6.1,1.81,5.4,1.91,0,0,1,0,0,0
1763,4.4,1.11,3.5,1.02,1,0,0,0,1,0
1764,4.9,1.81,4.0,1.61,0,0,0,0,1,0
1765,5.8,0.98,4.6,1.02,0,0,0,0,0,1
1766,3.7,1.19,3.0,1.1,0,1,0,0,1,0
1767,3.8,1.78,2.4,1.36,0,0,0,0,1,0
1768,4.1,1.64,3.1,1.37,0,0,0,0,1,0
1769,5.9,1.37,5.3,1.42,0,0,1,0,0,0
1770,4.5,1.63,2.9,1.37,1,0,0,0,1,0
1771,4.9,0.94,5.3,1.0,0,0,0,1,0,0
1772,5.6,1.62,4.3,1.35,0,0,0,0,0,1
1773,5.4,1.56,4.1,1.58,0,0,0,0,0,1
1774,4.9,1.58,4.8,1.47,0,0,0,0,1,0
1775,4.6,1.02,3.0,0.77,0,0,0,0,1,0
1776,4.8,1.94,3.8,1.66,0,0,0,0,1,0
1777,5.3,1.73,4.4,1.8,0,0,0,0,0,1
1778,4.4,1.5,3.2,1.99,1,0,0,0,1,0
1779,5.7,1.9,2.9,0.94,0,0,0,0,0,1
1780,4.8,1.33,3.5,1.2,0,0,0,0,1,0
1781,4.2,1.83,2.7,1.1,0,0,0,0,1,0
1782,4.7,1.68,5.2,1.89,0,0,0,1,0,0
1783,4.2,1.47,3.3,1.1,0,0,0,0,1,0
1784,5.5,1.2,5.1,1.58,1,0,1,0,0,0
1785,5.6,0.8,5.2,1.17,0,0,1,0,0,0
1786,4.2,1.94,3.1,1.58,0,0,0,0,1,0
1787,3.9,1.64,3.4,1.2,0,0,0,0,1,0
1788,3.6,1.74,6.0,2.37,0,0,0,1,0,0
1789,5.9,1.04,5.1,0.94,0,0,1,0,0,0
1790,3.8,1.99,3.3,1.49,0,0,0,0,1,0
1791,5.3,1.79,3.3,1.1,0,0,0,0,0,1
1792,6.1,0.54,5.1,1.04,0,0,1,0,0,0
1793,5.1,0.83,4.2,0.87,1,0,0,0,0,1
1794,4.2,0.98,3.7,1.1,0,0,0,0,1,0
1795,3.9,1.3,3.0,1.0,0,0,0,0,1,0
1796,5.8,1.6,6.0,1.55,0,0,1,0,0,0
1797,3.6,1.11,4.1,1.81,0,1,0,0,1,0
1798,5.7,0.64,4.0,1.48,0,0,0,0,0,1
1799,5.8,0.87,4.5,1.28,0,1,0,0,0,1
1800,3.4,1.62,2.6,1.02,1,0,0,0,1,0
1801,3.4,1.5,2.8,1.6,0,0,0,0,1,0
1802,5.7,1.55,6.6,1.69,0,0,1,0,0,0
1803,4.1,1.58,3.6,1.36,0,0,0,0,1,0
1804,5.7,1.1,5.9,0.94,0,0,1,0,0,0
1805,5.7,1.27,4.9,1.22,0,0,1,0,0,0
1806,6.5,1.36,6.2,1.33,0,0,1,0,0,0
1807,5.7,0.9,5.3,1.0,0,0,1,0,0,0
1808,5.4,1.74,5.3,1.79,0,0,1,0,0,0
1809,4.0,1.34,4.1,1.22,0,0,0,0,1,0
1810,4.1,0.94,4.0,1.41,0,0,0,0,1,0
1811,4.6,1.91,4.7,1.73,0,0,0,0,1,0
1812,5.0,1.9,5.0,1.61,0,1,0,1,0,0
1813,6.1,2.02,5.7,1.68,1,0,1,0,0,0
1814,6.0,1.61,5.8,1.66,0,0,1,0,0,0
1815,6.4,1.02,5.8,1.54,0,0,1,0,0,0
1816,5.0,1.73,4.5,2.11,0,0,0,0,1,0
1817,6.6,0.92,6.0,1.1,0,0,1,0,0,0
1818,4.3,1.79,3.2,1.33,0,0,0,0,1,0
1819,4.1,1.14,4.1,0.94,0,0,0,0,1,0
1820,4.5,1.2,4.4,1.2,0,0,0,0,1,0
1821,6.2,1.33,6.6,1.11,0,0,1,0,0,0
1822,4.7,1.62,3.5,1.28,0,0,0,0,1,0
1823,2.7,1.19,5.6,2.01,1,1,0,1,0,0
1824,6.2,0.75,5.7,1.0,1,0,1,0,0,0
1825,4.8,1.47,4.5,1.36,0,0,0,0,1,0
1826,5.1,1.22,3.7,1.42,0,0,0,0,0,1
1827,5.6,1.69,6.7,1.49,0,0,1,0,0,0
1828,5.8,1.6,6.6,1.69,0,0,1,0,0,0
1829,4.8,1.72,3.6,1.62,0,0,0,0,1,0
1830,5.7,1.0,5.3,1.27,1,0,1,0,0,0
1831,6.2,0.98,5.6,1.5,1,0,1,0,0,0
1832,5.7,1.73,5.2,1.89,0,0,1,0,0,0
1833,4.5,1.43,3.2,0.75,0,0,0,0,1,0
1834,6.3,1.42,5.7,1.73,1,0,1,0,0,0
1835,5.3,1.0,3.2,0.87,1,0,0,0,0,1
1836,5.6,1.69,4.6,1.11,0,0,0,0,0,1
1837,4.2,1.78,2.9,1.58,0,0,0,0,1,0
1838,4.6,1.69,5.0,2.1,1,0,0,1,0,0
1839,6.0,1.67,5.7,1.73,0,0,1,0,0,0
1840,4.8,1.89,5.4,1.91,0,0,0,1,0,0
1841,4.6,1.8,3.1,1.58,0,0,0,0,1,0
1842,5.8,1.72,6.3,1.35,1,0,1,0,0,0
1843,4.9,1.37,4.7,1.27,1,0,0,0,1,0
1844,6.1,1.76,5.5,2.06,0,0,1,0,0,0
1845,5.9,1.37,5.9,1.45,0,0,1,0,0,0
1846,5.8,1.6,5.8,1.6,0,0,1,0,0,0
1847,3.2,1.17,2.6,0.92,0,0,0,0,1,0
1848,5.5,1.69,5.0,1.79,0,0,1,0,0,0
1849,6.0,0.89,5.8,1.08,0,0,1,0,0,0
1850,3.7,1.55,2.7,1.27,0,0,0,0,1,0
1851,4.6,1.69,3.3,1.9,0,1,0,0,1,0
1852,4.1,1.51,4.7,2.1,0,0,0,0,1,0
1853,6.5,0.81,5.7,1.27,0,0,1,0,0,0
1854,5.2,1.25,4.5,1.28,1,0,0,0,0,1
1855,5.4,1.56,6.0,1.34,1,0,1,0,0,0
1856,6.1,1.76,6.7,1.85,0,0,1,0,0,0
1857,5.3,1.27,5.0,1.0,0,0,1,0,0,0
1858,5.2,1.33,5.6,1.56,1,0,1,0,0,0
1859,5.2,1.47,5.0,1.55,0,0,1,0,0,0
1860,3.7,0.78,3.5,0.81,0,0,0,0,1,0
1861,5.1,1.3,5.0,1.48,0,0,1,0,0,0
1862,5.1,1.45,4.9,1.87,0,0,1,0,0,0
1863,6.4,1.43,5.7,1.85,1,0,1,0,0,0
1864,6.1,1.58,7.4,1.8,0,0,1,0,0,0
1865,6.8,0.75,5.9,1.51,0,0,1,0,0,0
1866,4.8,1.4,4.5,1.43,1,0,0,0,1,0
1867,4.2,1.54,4.0,1.73,1,1,0,0,1,0
1868,5.8,1.4,5.0,1.61,0,0,1,0,0,0
1869,4.1,1.51,3.7,1.55,0,0,0,0,1,0
1870,5.4,1.2,5.6,1.28,0,0,1,0,0,0
1871,6.4,1.11,6.6,1.36,1,0,1,0,0,0
1872,4.5,1.36,4.2,1.4,0,0,0,0,1,0
1873,4.7,1.62,3.4,1.43,0,0,0,0,1,0
1874,5.0,1.67,6.3,1.49,1,0,0,1,0,0
1875,6.3,1.19,6.2,1.47,0,0,1,0,0,0
1876,6.3,1.35,5.0,1.79,0,0,1,0,0,0
1877,6.2,1.66,5.5,1.5,0,0,1,0,0,0
1878,6.7,0.78,6.3,1.0,0,0,1,0,0,0
1879,5.4,2.24,6.4,2.2,0,0,1,0,0,0
1880,5.4,1.36,3.2,1.4,0,0,0,0,0,1
1881,5.0,1.1,5.2,1.25,1,0,0,1,0,0
1882,5.5,1.5,6.2,1.66,1,0,1,0,0,0
1883,5.6,0.8,4.5,1.12,0,0,0,0,0,1
1884,6.5,0.81,5.6,1.36,0,0,1,0,0,0
1885,3.9,2.17,3.9,1.97,0,0,0,0,1,0
1886,4.1,1.3,3.0,1.18,0,0,0,0,1,0
1887,6.0,1.41,5.8,1.4,0,0,1,0,0,0
1888,3.4,1.5,3.2,1.78,0,0,0,0,1,0
1889,5.6,1.91,5.5,1.96,1,1,1,0,0,0
1890,6.0,1.61,5.8,1.17,0,0,1,0,0,0
1891,5.0,1.18,3.5,1.2,0,0,0,0,1,0
1892,5.1,2.07,6.1,1.04,0,0,1,0,0,0
1893,6.3,1.19,6.2,1.08,0,0,1,0,0,0
1894,4.8,0.75,4.8,0.87,0,0,0,0,1,0
1895,6.5,0.67,5.9,0.94,0,0,1,0,0,0
1896,4.9,2.02,2.1,0.94,0,1,0,0,1,0
1897,4.2,1.33,3.8,1.66,0,0,0,0,1,0
1898,5.1,0.94,4.2,1.17,0,0,0,0,0,1
1899,5.0,2.19,4.1,1.76,1,0,0,0,1,0
1900,6.5,1.12,6.7,1.19,0,0,1,0,0,0
1901,5.2,1.66,6.4,1.28,0,0,1,0,0,0
1902,4.4,2.37,7.3,1.49,0,0,0,1,0,0
1903,3.2,2.36,6.9,1.76,0,0,0,1,0,0
1904,4.1,0.94,3.4,1.02,0,0,0,0,1,0
1905,3.7,2.0,6.5,1.5,0,0,0,1,0,0
1906,4.4,1.69,6.2,1.47,0,0,0,1,0,0
1907,4.9,1.64,6.5,1.43,0,0,0,1,0,0
1908,5.2,2.18,5.1,1.76,0,0,1,0,0,0
1909,4.9,1.7,5.0,1.73,1,0,0,1,0,0
1910,3.8,1.6,3.3,1.35,0,0,0,0,1,0
1911,4.3,1.95,5.4,2.11,1,0,0,1,0,0
1912,5.4,1.2,5.5,1.12,0,0,1,0,0,0
1913,6.0,1.48,6.5,1.63,0,0,1,0,0,0
1914,5.3,2.1,6.3,1.35,0,0,1,0,0,0
1915,6.3,1.27,6.5,1.2,0,0,1,0,0,0
1916,5.4,1.5,6.3,1.49,0,0,1,0,0,0
1917,4.1,1.04,4.6,1.02,0,1,0,0,1,0
1918,3.4,1.5,4.6,1.69,0,1,0,0,1,0
1919,4.5,1.86,5.4,1.96,0,0,0,1,0,0
1920,5.7,2.15,6.4,1.96,0,0,1,0,0,0
1921,4.4,2.06,6.5,2.2,0,0,0,1,0,0
1922,5.6,1.85,5.8,1.6,0,0,1,0,0,0
1923,6.4,1.28,6.2,1.54,0,0,1,0,0,0
1924,5.3,2.1,5.7,2.0,1,0,1,0,0,0
1925,4.9,1.51,4.5,1.57,0,1,0,0,1,0
1926,5.2,1.99,6.1,1.92,0,0,1,0,0,0
1927,5.6,1.28,4.6,1.28,0,0,0,0,0,1
1928,3.7,1.35,5.6,1.02,1,0,0,1,0,0
1929,5.1,1.37,6.7,1.1,0,0,1,0,0,0
1930,4.6,1.43,4.0,1.1,1,0,0,0,1,0
1931,4.7,1.27,5.5,1.43,1,0,0,1,0,0
1932,4.8,1.6,6.0,1.73,0,0,0,1,0,0
1933,5.2,1.66,7.0,1.41,0,0,1,0,0,0
1934,5.8,1.78,3.8,1.33,0,0,0,0,0,1
1935,4.7,1.73,4.4,1.69,0,0,0,0,1,0
1936,2.9,1.3,3.0,1.9,0,0,0,0,1,0
1937,4.3,1.35,3.9,1.51,0,0,0,0,1,0
1938,5.6,1.74,7.0,1.48,0,0,1,0,0,0
1939,4.4,1.11,3.2,1.25,0,0,0,0,1,0
1940,5.1,1.51,5.6,0.92,0,0,1,0,0,0
1941,5.2,1.33,4.4,1.56,0,0,0,0,0,1
1942,6.4,1.8,6.8,1.6,0,0,1,0,0,0
1943,4.2,0.98,4.4,1.02,0,0,0,0,1,0
1944,6.1,1.92,5.1,1.58,0,0,1,0,0,0
1945,6.0,1.55,6.1,1.58,1,0,1,0,0,0
1946,4.0,2.19,6.0,1.9,0,0,0,1,0,0
1947,5.0,2.19,7.4,1.28,0,0,0,1,0,0
1948,4.0,2.45,6.7,1.79,0,0,0,1,0,0
1949,2.2,1.54,5.1,2.59,0,0,0,1,0,0
1950,3.8,1.99,3.4,2.11,0,0,0,0,1,0
1951,4.6,1.5,4.0,1.26,1,0,0,0,1,0
1952,4.1,0.94,4.4,0.8,0,0,0,0,1,0
1953,5.1,1.37,4.4,1.36,0,0,0,0,0,1
1954,6.7,0.64,5.7,1.1,0,0,1,0,0,0
1955,5.5,1.63,6.5,1.57,1,0,1,0,0,0
1956,5.4,1.11,5.9,1.7,0,0,1,0,0,0
1957,4.8,1.33,4.8,1.17,1,1,0,0,1,0
1958,4.8,1.25,5.1,1.7,0,0,0,1,0,0
1959,4.7,1.85,5.8,1.4,1,0,0,1,0,0
1960,4.5,1.96,6.7,1.79,0,0,0,1,0,0
1961,5.9,0.54,5.3,1.1,1,0,1,0,0,0
1962,4.4,1.43,5.0,1.61,1,0,0,1,0,0
1963,3.9,2.3,5.5,2.11,0,0,0,1,0,0
1964,3.6,2.2,6.7,1.95,0,0,0,1,0,0
1965,3.3,1.35,3.5,1.5,0,0,0,0,1,0
1966,3.6,1.2,5.0,1.73,0,1,0,1,0,0
1967,4.7,2.9,6.9,1.97,0,0,0,1,0,0
1968,4.6,1.84,6.18,1.13,0,0,0,1,0,0
1969,3.7,2.24,5.7,2.49,0,0,0,1,0,0
1970,5.9,1.37,7.1,1.51,1,0,1,0,0,0
1971,5.5,1.75,5.5,1.57,0,0,1,0,0,0
1972,6.0,1.55,5.9,1.45,0,0,1,0,0,0
1973,4.3,1.49,4.3,1.19,0,0,0,0,1,0
1974,3.4,1.11,4.7,1.85,0,0,0,0,1,0
1975,4.7,1.55,5.6,1.62,1,0,0,1,0,0
1976,4.9,1.64,5.4,1.43,0,0,0,1,0,0
1977,4.7,1.85,5.2,1.78,0,0,0,1,0,0
1978,6.5,1.02,6.5,0.92,0,0,1,0,0,0
1979,5.5,2.29,7.2,1.33,1,1,1,0,0,0
1980,5.5,1.43,5.4,1.36,0,0,1,0,0,0
1981,5.1,1.92,5.8,2.18,1,0,1,0,0,0
1982,4.5,1.28,4.5,1.43,0,0,0,0,1,0
1983,2.9,1.51,3.4,1.11,1,0,0,0,1,0
1984,3.7,1.35,2.9,1.37,0,0,0,0,1,0
1985,4.8,1.89,5.6,1.69,0,0,0,1,0,0
1986,4.0,2.05,5.1,2.07,1,0,0,1,0,0
1987,6.5,1.12,6.3,1.42,0,0,1,0,0,0
1988,5.5,1.43,5.8,1.4,0,1,1,0,0,0
1989,5.0,1.84,5.7,1.27,0,0,0,1,0,0
1990,4.2,1.66,4.1,1.81,0,0,0,0,1,0
1991,5.0,2.1,6.0,1.41,0,0,0,1,0,0
1992,4.9,2.26,6.8,2.09,0,0,0,1,0,0
1993,3.5,2.38,7.0,1.1,0,0,0,1,0,0
1994,3.8,0.87,3.5,1.12,0,0,0,0,1,0
1995,4.7,1.73,4.7,1.1,0,1,0,0,1,0
1996,3.9,1.87,5.9,2.21,0,0,0,1,0,0
1997,5.3,1.42,3.9,1.14,0,0,0,0,0,1
1998,6.4,1.5,6.2,1.6,0,0,1,0,0,0
1999,4.6,2.11,5.4,1.8,1,0,0,1,0,0
2000,5.8,1.78,6.0,1.67,0,0,1,0,0,0
2001,3.2,0.98,6.6,0.8,0,0,0,1,0,0
2002,6.4,0.49,5.2,1.17,1,0,1,0,0,0
2003,5.4,1.5,4.6,1.85,0,0,0,0,0,1
2004,5.0,1.1,4.8,1.6,0,0,0,0,1,0
2005,3.8,1.17,5.2,0.75,1,1,0,1,0,0
2006,5.0,0.89,3.2,1.17,0,0,0,0,1,0
2007,3.4,0.49,4.4,1.36,0,0,0,0,1,0
2008,5.6,1.02,3.6,1.74,0,0,0,0,0,1
2009,5.2,0.98,4.2,1.94,0,0,0,0,0,1
2010,6.0,0.89,4.8,1.6,0,0,0,0,0,1
2011,4.2,1.6,5.0,1.41,1,0,0,1,0,0
2012,3.17,0.69,5.17,1.67,0,0,0,1,0,0
2013,5.4,0.49,5.6,1.02,0,0,1,0,0,0
2014,3.0,0.63,6.6,0.8,1,0,0,1,0,0
2015,6.6,0.8,5.4,1.2,0,0,1,0,0,0
2016,7.2,0.4,5.6,2.24,0,0,1,0,0,0
2017,6.67,0.47,6.5,0.76,0,0,1,0,0,0
2018,6.5,0.5,6.33,0.75,0,0,1,0,0,0
2019,6.8,0.4,6.8,0.75,0,1,1,0,0,0
2020,6.8,0.4,5.8,0.4,1,1,1,0,0,0
2021,4.2,1.47,4.4,1.96,0,0,0,0,1,0
2022,3.8,0.75,4.4,1.36,0,0,0,0,1,0
2023,5.6,1.02,3.0,1.26,0,0,0,0,0,1
2024,6.4,0.8,4.4,2.33,0,0,0,0,0,1
2025,6.0,1.41,4.8,2.32,0,0,0,0,0,1
2026,5.6,1.02,4.0,1.9,0,0,0,0,0,1
2027,5.8,0.98,5.4,1.36,0,0,1,0,0,0
2028,3.4,0.49,6.2,1.17,0,1,0,1,0,0
2029,4.17,1.07,4.0,1.29,0,0,0,0,1,0
2030,4.2,1.47,6.2,0.75,0,0,0,1,0,0
2031,4.6,1.2,3.4,1.62,0,0,0,0,1,0
2032,5.2,0.75,4.4,1.5,0,0,0,0,0,1
2033,3.17,0.37,6.83,0.69,1,0,0,1,0,0
2034,6.2,1.33,4.6,1.74,1,0,0,0,0,1
2035,3.4,0.8,4.6,0.8,0,0,0,0,1,0
2036,3.83,1.07,4.67,1.8,0,0,0,0,1,0
2037,6.4,0.49,4.4,1.2,0,0,0,0,0,1
2038,4.0,1.41,3.8,1.6,0,0,0,0,1,0
2039,5.4,1.2,4.6,1.62,0,0,0,0,0,1
2040,3.6,1.85,7.0,0.63,0,0,0,1,0,0
2041,4.4,1.74,3.0,1.1,0,0,0,0,1,0
2042,4.8,0.75,4.6,1.36,0,0,0,0,1,0
2043,5.6,1.02,4.4,1.36,0,0,0,0,0,1
2044,6.4,0.49,5.2,1.47,0,0,1,0,0,0
2045,4.8,1.17,3.2,1.17,0,0,0,0,1,0
2046,5.5,0.96,5.17,1.57,0,0,1,0,0,0
2047,6.2,0.4,5.0,1.26,0,0,1,0,0,0
2048,6.2,0.75,3.6,1.5,1,1,0,0,0,1
2049,4.4,1.02,3.8,1.17,0,0,0,0,1,0
2050,4.4,0.8,3.6,1.02,0,0,0,0,1,0
2051,3.2,0.4,4.6,1.36,0,0,0,0,1,0
2052,3.2,0.4,5.2,1.6,0,0,0,1,0,0
2053,3.8,0.4,3.8,1.83,0,0,0,0,1,0
2054,5.4,1.2,3.6,1.36,0,0,0,0,0,1
2055,5.0,1.41,5.2,1.47,0,0,0,1,0,0
2056,5.0,1.41,4.6,1.74,1,0,0,0,1,0
2057,3.17,1.07,6.83,0.37,1,0,0,1,0,0
2058,3.8,0.75,5.8,1.17,0,0,0,1,0,0
